,location,year,BMI: Obese (BMI 30.0 - 99.8),BMI: Overweight (BMI 25.0-29.9),BMI: Normal Weight (BMI 18.5-24.9),BMI: Underweight (BMI 12.0-18.4),General health: Excellent,General health: Very good,General health: Good,General health: Fair,General health: Poor,Health status: Good or Better,Health status: Fair or Poor,Doc visit: Past year,Doc visit: Past 2 years,Doc visit: Past 5 years,Doc visit: 5+ years ago,Doc visit: Never,"Concentrate, remember, decide: Difficult","Concentrate, remember, decide: Not difficult",Bad mental health days: 0,Bad mental health days: 1-13,Bad mental health days: 14+,Fruit eaten: Daily,Fruit eaten: Not daily,Vegetables eaten: Daily,Vegetables eaten: Not daily,Aerobic activity per week: Over 150 min,Aerobic activity per week: Under 150 min,Met physical activity guidelines: Yes,Met physical activity guidelines: No,Strength training: 2x+ per week,Strength training: 1x- per week,Physically active in last month: Yes,Physically active in last month: No
0,Alabama,2015,35.6,33.0,28.9,2.4,16.2,29.1,32.5,15.2,7.0,77.8,22.2,71.7,12.0,6.5,8.4,1.3,15.0,85.0,,,,51.7,48.3,72.2,27.8,44.6,55.4,16.7,83.3,25.8,74.2,68.1,31.9
1,Alabama,2016,35.7,33.8,28.4,2.1,15.2,29.8,32.5,15.7,6.9,77.4,22.6,72.5,11.3,7.0,8.1,1.1,14.3,85.7,,,,,,,,,,,,,,70.6,29.4
2,Alabama,2017,36.3,33.9,28.5,1.3,15.4,28.2,33.1,16.2,7.1,76.7,23.3,71.9,11.8,6.5,8.7,1.2,15.8,84.2,,,,55.2,44.8,80.7,19.3,42.8,57.2,16.1,83.9,26.0,74.0,68.0,32.0
3,Alabama,2018,36.2,33.4,28.4,2.0,14.5,28.6,34.0,15.7,7.2,77.1,22.9,77.2,11.6,4.9,5.8,0.5,15.8,84.2,,,,,,,,,,,,,,69.3,30.7
4,Alabama,2019,36.1,34.2,27.5,2.2,15.4,29.5,32.4,16.2,6.5,77.3,22.7,78.5,9.7,5.2,5.9,0.7,16.7,83.3,58.0,24.5,17.5,53.9,46.1,77.7,22.3,44.8,55.2,17.6,82.4,29.2,70.8,68.5,31.5
5,Alabama,2020,39.0,33.7,25.4,1.8,17.6,30.0,32.2,15.4,4.9,79.8,20.2,76.5,10.4,6.3,5.8,0.9,14.0,86.0,60.8,23.4,15.8,,,,,,,,,,,71.2,28.8
6,Alabama,2021,39.9,31.9,26.4,1.8,15.2,30.8,34.6,14.4,5.1,80.6,19.4,78.0,11.0,4.9,5.4,0.6,15.1,84.9,56.7,24.9,18.4,54.2,45.8,79.4,20.6,,,,,,,68.5,31.5
7,Delaware,2015,29.7,37.2,31.7,1.4,18.6,33.2,30.6,14.0,3.6,82.4,17.6,75.6,11.9,6.2,5.0,1.2,10.8,89.2,,,,61.8,38.2,79.3,20.7,48.5,51.5,20.3,79.7,30.5,69.5,70.6,29.4
8,Delaware,2016,30.7,37.3,30.2,1.8,19.2,33.8,30.6,11.8,4.6,83.6,16.4,78.2,10.4,5.5,5.3,0.7,9.8,90.2,,,,,,,,,,,,,,73.4,26.6
9,Delaware,2017,31.8,36.7,29.5,2.0,16.8,31.0,33.4,14.0,4.8,81.2,18.8,78.3,11.6,4.3,4.9,0.9,13.2,86.8,,,,64.6,35.4,82.8,17.2,46.3,53.7,19.0,81.0,28.6,71.4,69.0,31.0
10,Delaware,2018,33.5,34.3,30.6,1.6,18.4,32.2,32.2,13.3,3.8,82.8,17.2,80.1,10.3,4.9,4.1,0.5,11.7,88.3,,,,,,,,,,,,,,73.2,26.8
11,Delaware,2019,34.4,34.5,29.4,1.7,17.6,31.6,32.0,15.1,3.7,81.3,18.7,82.2,9.0,4.5,3.7,,10.5,89.5,61.3,25.3,13.5,63.0,37.0,79.7,20.3,51.1,48.9,23.8,76.2,37.0,63.0,73.4,26.6
12,Delaware,2020,36.5,32.1,29.2,2.1,20.5,34.7,31.0,10.2,3.6,86.2,13.8,77.6,11.8,5.8,4.3,0.6,9.8,90.2,65.2,22.5,12.3,,,,,,,,,,,75.3,24.7
13,Delaware,2021,33.9,34.9,29.4,1.9,19.6,33.1,32.7,11.1,3.5,85.4,14.6,77.1,12.7,6.0,3.7,0.4,10.8,89.2,63.0,24.1,13.0,60.3,39.7,79.5,20.5,,,,,,,72.8,27.2
14,District of Columbia,2015,22.1,32.2,43.5,2.1,27.2,35.0,25.8,8.8,3.2,88.0,12.0,76.2,13.7,7.6,2.4,,8.4,91.6,,,,63.0,37.0,81.0,19.0,57.9,42.1,23.7,76.3,33.6,66.4,80.6,19.4
15,District of Columbia,2016,22.6,30.8,44.4,2.2,27.3,35.5,25.6,9.0,2.6,88.4,11.6,78.6,13.0,4.9,2.9,,9.7,90.3,,,,,,,,,,,,,,83.8,16.2
16,District of Columbia,2017,22.9,31.2,43.5,2.4,27.0,38.9,23.2,8.2,2.7,89.2,10.8,76.9,12.3,7.0,3.4,,9.7,90.3,,,,68.9,31.1,87.7,12.3,53.0,47.0,24.0,76.0,34.7,65.3,75.7,24.3
17,District of Columbia,2018,24.7,31.1,41.8,2.4,25.0,35.8,25.6,10.2,3.3,86.5,13.5,80.9,11.2,5.5,1.8,,8.8,91.2,,,,,,,,,,,,,,80.4,19.6
18,District of Columbia,2019,23.8,32.1,42.4,1.7,25.2,36.8,24.4,10.5,3.1,86.4,13.6,78.7,13.7,4.7,2.1,,10.2,89.8,54.0,34.4,11.5,64.4,35.6,83.5,16.5,54.7,45.3,27.2,72.8,40.6,59.4,81.0,19.0
19,District of Columbia,2020,24.3,33.0,40.8,1.9,28.6,35.6,25.5,8.6,1.8,89.6,10.4,71.8,18.6,6.5,2.9,,10.8,89.2,51.6,33.9,14.5,,,,,,,,,,,81.9,18.1
20,District of Columbia,2021,24.7,30.7,43.2,1.4,23.4,37.0,26.0,10.5,3.1,86.4,13.6,72.9,17.7,7.2,2.0,,10.4,89.6,50.5,35.3,14.2,67.2,32.8,83.4,16.6,,,,,,,84.2,15.8
21,Florida,2015,26.8,37.3,33.9,2.0,19.5,31.8,30.4,13.2,5.2,81.6,18.4,73.5,11.0,6.8,8.2,0.4,10.8,89.2,,,,61.0,39.0,78.7,21.3,51.6,48.4,21.8,78.2,31.9,68.1,73.8,26.2
22,Florida,2016,27.4,35.8,34.5,2.3,21.0,29.2,30.2,14.1,5.4,80.5,19.5,76.5,10.4,5.4,6.4,1.3,13.2,86.8,,,,,,,,,,,,,,70.2,29.8
23,Florida,2017,28.4,35.6,33.9,2.0,20.8,29.1,30.7,14.0,5.4,80.6,19.4,74.9,11.0,6.2,6.5,1.5,12.7,87.3,,,,65.7,34.3,80.7,19.3,49.5,50.5,20.5,79.5,30.0,70.0,70.8,29.2
24,Florida,2018,30.7,35.2,32.2,1.8,18.9,28.7,31.6,16.3,4.5,79.2,20.8,80.4,8.6,5.2,5.3,0.5,12.9,87.1,,,,,,,,,,,,,,73.2,26.8
25,Florida,2019,27.0,37.6,32.8,2.6,20.4,28.3,31.5,14.1,5.6,80.2,19.8,78.8,9.6,5.1,5.6,1.0,12.9,87.1,64.2,22.0,13.8,61.8,38.2,78.8,21.2,54.5,45.5,27.0,73.0,38.1,61.9,73.5,26.5
26,Florida,2020,28.4,35.7,34.0,1.9,23.3,32.7,29.4,10.9,3.8,85.3,14.7,76.9,10.5,6.1,5.6,0.9,11.3,88.7,67.3,20.4,12.3,,,,,,,,,,,73.2,26.8
27,Georgia,2015,30.7,34.8,32.7,1.8,19.0,30.7,32.3,13.6,4.5,81.9,18.1,71.6,11.5,7.4,8.5,1.0,11.0,89.0,,,,55.2,44.8,75.3,24.7,48.0,52.0,18.7,81.3,29.6,70.4,72.7,27.3
28,Georgia,2016,31.4,34.4,32.4,1.8,19.2,30.0,31.8,14.3,4.8,80.9,19.1,74.0,11.8,7.1,6.4,0.8,12.2,87.8,,,,,,,,,,,,,,70.6,29.4
29,Georgia,2017,31.6,33.6,32.8,1.9,17.8,30.3,33.4,13.7,4.8,81.5,18.5,74.2,11.6,6.6,6.2,1.5,11.8,88.2,,,,61.4,38.6,81.9,18.1,46.0,54.0,20.3,79.7,31.4,68.6,69.0,31.0
30,Georgia,2018,32.5,34.8,30.8,2.0,17.2,30.6,33.1,13.8,5.3,80.9,19.1,78.3,10.7,5.1,5.1,0.8,12.8,87.2,,,,,,,,,,,,,,73.8,26.2
31,Georgia,2019,33.1,33.9,30.6,2.4,19.2,28.8,32.0,15.2,4.8,80.0,20.0,76.5,9.5,6.1,6.5,1.3,12.4,87.6,60.5,24.1,15.4,56.9,43.1,81.0,19.0,48.3,51.7,24.1,75.9,38.2,61.8,72.1,27.9
32,Georgia,2020,34.2,33.0,31.0,1.7,21.2,33.1,30.0,11.8,3.8,84.3,15.7,75.6,11.4,6.4,5.9,0.8,11.0,89.0,63.3,22.4,14.3,,,,,,,,,,,75.2,24.8
33,Georgia,2021,33.9,34.1,30.0,2.0,19.2,30.7,32.0,13.8,4.3,81.9,18.1,76.3,11.5,6.2,5.2,0.8,12.9,87.1,59.1,26.1,14.8,59.0,41.0,80.6,19.4,,,,,,,76.3,23.7
34,Hawaii,2015,22.7,34.3,40.8,2.2,17.3,31.8,37.3,11.1,2.5,86.4,13.6,68.4,13.2,8.8,8.9,0.8,7.4,92.6,,,,58.7,41.3,78.6,21.4,56.6,43.4,23.6,76.4,33.3,66.7,77.5,22.5
35,Hawaii,2016,23.8,33.8,39.1,3.3,17.9,31.0,36.3,11.0,3.8,85.2,14.8,72.0,12.0,7.3,7.7,1.0,8.6,91.4,,,,,,,,,,,,,,79.2,20.8
36,Hawaii,2017,23.8,35.0,38.7,2.5,19.0,29.4,36.9,11.2,3.5,85.2,14.8,72.9,11.4,7.3,7.4,1.1,8.7,91.3,,,,63.0,37.0,79.0,21.0,56.5,43.5,24.6,75.4,35.4,64.6,76.5,23.5
37,Hawaii,2018,24.9,34.6,37.9,2.6,18.7,30.1,34.9,13.0,3.3,83.7,16.3,80.1,9.6,4.6,5.1,0.7,8.8,91.2,,,,,,,,,,,,,,80.1,19.9
38,Hawaii,2019,25.0,33.2,38.7,3.1,17.4,30.4,36.0,12.7,3.4,83.8,16.2,80.6,9.9,4.7,4.3,0.5,10.1,89.9,65.0,23.8,11.1,59.7,40.3,78.0,22.0,54.8,45.2,24.8,75.2,37.9,62.1,75.6,24.4
39,Hawaii,2020,24.5,33.6,39.2,2.7,25.4,32.5,31.0,8.4,2.8,88.8,11.2,80.1,9.6,5.0,4.8,0.5,7.0,93.0,67.8,21.4,10.7,,,,,,,,,,,80.8,19.2
40,Hawaii,2021,25.0,35.3,37.3,2.4,22.5,34.0,31.3,9.6,2.6,87.8,12.2,74.8,14.4,5.9,4.4,0.5,8.0,92.0,66.1,23.2,10.7,57.5,42.5,78.1,21.9,,,,,,,80.0,20.0
41,Idaho,2015,28.6,36.6,32.9,1.9,20.3,35.9,29.2,11.0,3.6,85.4,14.6,60.1,15.0,11.0,12.9,1.0,8.5,91.5,,,,60.6,39.4,81.4,18.6,55.3,44.7,21.3,78.7,29.9,70.1,78.8,21.2
42,Idaho,2016,27.4,37.1,33.7,1.8,17.2,33.9,33.0,11.2,4.7,84.1,15.9,58.8,13.2,12.2,14.6,1.0,9.4,90.6,,,,,,,,,,,,,,79.8,20.2
43,Idaho,2017,29.3,36.6,32.7,1.4,19.1,33.7,32.1,10.8,4.3,84.9,15.1,57.6,16.0,12.0,12.3,2.0,9.4,90.6,,,,64.6,35.4,84.1,15.9,54.8,45.2,23.3,76.7,32.5,67.5,75.8,24.2
44,Idaho,2018,28.4,35.7,34.0,2.0,18.6,34.1,31.5,11.7,4.2,84.1,15.9,68.3,12.6,8.9,9.2,1.0,11.1,88.9,,,,,,,,,,,,,,79.5,20.5
45,Idaho,2019,29.4,34.8,34.0,1.7,18.4,34.1,31.5,11.2,4.8,84.0,16.0,71.0,12.8,7.5,7.6,1.1,11.8,88.2,60.0,26.5,13.5,63.2,36.8,83.4,16.6,56.8,43.2,21.7,78.3,31.2,68.8,76.2,23.8
46,Idaho,2020,31.1,35.2,32.2,1.5,24.7,34.2,28.6,9.6,2.8,87.5,12.5,71.2,12.8,6.8,8.5,0.8,12.0,88.0,64.5,22.9,12.6,,,,,,,,,,,79.5,20.5
47,Idaho,2021,31.6,35.9,30.8,1.7,21.3,35.6,29.5,10.0,3.6,86.4,13.6,74.3,11.7,6.7,6.2,1.0,14.0,86.0,60.1,25.3,14.6,58.3,41.7,83.8,16.2,,,,,,,79.5,20.5
48,Illinois,2015,30.8,35.4,32.4,1.4,19.8,31.5,32.4,12.8,3.6,83.6,16.4,68.8,13.7,9.8,6.4,1.2,7.0,93.0,,,,61.5,38.5,75.7,24.3,49.8,50.2,21.3,78.7,31.5,68.5,75.2,24.8
49,Illinois,2016,31.6,33.4,32.9,2.1,18.7,31.7,31.6,13.6,4.4,82.0,18.0,70.0,15.0,8.1,6.3,0.6,7.8,92.2,,,,,,,,,,,,,,76.1,23.9
50,Illinois,2017,31.1,34.7,32.5,1.6,18.0,32.0,32.1,14.2,3.7,82.1,17.9,70.1,13.6,8.8,6.8,0.7,8.6,91.4,,,,66.7,33.3,78.7,21.3,52.5,47.5,21.6,78.4,30.7,69.3,76.0,24.0
51,Illinois,2018,31.8,34.9,31.6,1.8,18.3,31.5,33.3,12.7,4.0,83.2,16.8,76.9,11.2,6.0,5.3,0.7,8.7,91.3,,,,,,,,,,,,,,75.4,24.6
52,Illinois,2019,31.6,34.1,32.6,1.7,16.5,32.5,33.3,13.7,4.0,82.3,17.7,76.5,11.1,6.6,5.0,0.8,9.9,90.1,60.7,26.8,12.4,61.7,38.3,76.6,23.4,49.5,50.5,23.4,76.6,37.1,62.9,74.4,25.6
53,Illinois,2020,32.4,35.6,30.9,1.1,22.4,34.8,29.5,9.9,3.4,86.7,13.3,78.3,13.0,4.8,3.5,0.3,8.0,92.0,70.0,20.0,10.0,,,,,,,,,,,74.7,25.3
54,Illinois,2021,34.2,34.5,29.7,1.6,17.6,33.3,34.2,11.6,3.3,85.1,14.9,79.0,12.8,3.9,4.1,0.3,13.1,86.9,63.3,23.8,12.9,60.9,39.1,83.4,16.6,,,,,,,72.8,27.2
55,Indiana,2015,31.3,35.2,31.8,1.7,16.5,31.9,32.8,13.4,5.4,81.2,18.8,65.4,13.5,8.8,11.3,1.0,10.3,89.7,,,,57.2,42.8,73.3,26.7,44.1,55.9,15.6,84.4,27.0,73.0,70.6,29.4
56,Indiana,2016,32.5,34.7,31.0,1.8,16.3,32.7,32.6,13.4,5.1,81.5,18.5,67.2,12.6,8.6,10.8,0.8,10.1,89.9,,,,,,,,,,,,,,73.2,26.8
57,Indiana,2017,33.6,34.4,30.2,1.8,14.7,31.2,33.4,15.0,5.6,79.4,20.6,68.3,12.8,8.7,8.9,1.3,11.9,88.1,,,,59.4,40.6,80.8,19.2,46.4,53.6,17.2,82.8,27.2,72.8,70.2,29.8
58,Indiana,2018,34.1,32.3,31.5,2.1,15.4,32.5,32.8,13.9,5.4,80.7,19.3,77.0,9.6,6.8,6.3,0.4,11.7,88.3,,,,,,,,,,,,,,72.6,27.4
59,Indiana,2019,35.3,33.8,28.8,2.1,15.0,32.3,32.8,14.4,5.5,80.1,19.9,76.9,10.2,6.2,5.9,0.8,12.6,87.4,59.9,25.8,14.3,58.7,41.3,79.0,21.0,46.3,53.7,21.1,78.9,35.2,64.8,69.1,30.9
60,Indiana,2020,36.8,32.4,29.5,1.4,20.0,33.5,30.5,11.9,4.1,84.1,15.9,75.7,11.7,6.2,5.7,0.7,11.3,88.7,60.0,24.7,15.3,,,,,,,,,,,73.7,26.3
61,Indiana,2021,36.3,33.3,28.6,1.8,16.9,32.8,33.6,12.2,4.5,83.3,16.7,75.4,12.1,6.3,5.5,0.7,13.2,86.8,57.6,26.5,16.0,57.3,42.7,79.1,20.9,,,,,,,74.1,25.9
62,Iowa,2015,32.1,34.5,32.0,1.3,17.4,37.0,32.6,10.2,2.9,87.0,13.0,70.8,12.7,8.5,7.1,0.9,8.3,91.7,,,,58.3,41.7,73.1,26.9,48.8,51.2,19.4,80.6,29.8,70.2,73.7,26.3
63,Iowa,2016,32.0,36.7,30.2,1.1,17.8,37.5,30.8,10.7,3.2,86.1,13.9,71.6,13.2,7.1,7.1,1.0,9.4,90.6,,,,,,,,,,,,,,77.3,22.7
64,Iowa,2017,36.4,33.7,28.6,1.3,16.0,35.2,33.4,11.6,3.8,84.6,15.4,70.4,12.8,7.9,7.7,1.2,9.6,90.4,,,,64.4,35.6,80.7,19.3,50.2,49.8,19.2,80.8,28.9,71.1,75.0,25.0
65,Iowa,2018,35.3,34.1,29.1,1.4,16.1,37.2,32.5,11.2,3.0,85.7,14.3,77.2,10.8,6.3,5.2,0.5,9.1,90.9,,,,,,,,,,,,,,77.1,22.9
66,Iowa,2019,33.9,34.4,30.1,1.6,15.6,36.4,33.6,11.2,3.1,85.6,14.4,78.6,9.9,5.4,5.5,0.5,9.6,90.4,62.6,25.0,12.3,59.6,40.4,77.3,22.7,48.3,51.7,20.0,80.0,32.9,67.1,73.5,26.5
67,Iowa,2020,36.5,35.3,26.5,1.7,20.4,35.5,31.4,9.8,2.9,87.4,12.6,76.1,11.6,6.3,5.3,0.7,9.7,90.3,62.0,25.0,13.0,,,,,,,,,,,76.4,23.6
68,Iowa,2021,36.4,34.3,27.7,1.6,17.5,34.7,34.7,10.6,2.6,86.8,13.2,75.8,11.6,6.1,5.7,0.9,10.2,89.8,59.8,26.3,13.9,58.5,41.5,77.0,23.0,,,,,,,75.3,24.7
69,Alaska,2015,29.8,37.4,31.8,1.0,21.2,33.4,31.8,10.4,3.3,86.4,13.6,57.1,15.4,12.4,14.2,0.9,7.6,92.4,,,,59.0,41.0,81.1,18.9,58.3,41.7,24.2,75.8,34.1,65.9,78.0,22.0
70,Alaska,2016,31.4,35.3,31.8,,20.7,34.3,31.2,10.3,3.6,86.2,13.8,59.0,13.7,12.5,13.5,,7.6,92.4,,,,,,,,,,,,,,80.9,19.1
71,Alaska,2017,34.2,32.6,31.8,1.5,18.1,33.3,30.9,13.8,3.8,82.3,17.7,54.8,16.8,12.6,13.8,2.0,8.9,91.1,,,,63.1,36.9,81.0,19.0,58.3,41.7,24.2,75.8,34.7,65.3,79.4,20.6
72,Alaska,2018,29.5,34.7,33.6,2.2,21.4,31.3,31.6,11.3,4.3,84.4,15.6,70.7,10.9,7.6,9.1,1.7,10.3,89.7,,,,,,,,,,,,,,80.4,19.6
73,Alaska,2019,30.5,36.1,32.2,1.2,18.4,34.0,32.0,11.6,3.9,84.5,15.5,70.5,13.0,6.9,8.3,,11.0,89.0,63.1,24.8,12.0,57.4,42.6,81.0,19.0,56.7,43.3,25.6,74.4,37.6,62.4,78.3,21.7
74,Alaska,2020,31.9,35.0,31.8,1.4,21.2,36.6,29.8,9.4,3.0,87.6,12.4,64.8,15.4,9.2,9.2,1.4,7.5,92.5,66.3,23.8,9.9,,,,,,,,,,,78.7,21.3
75,Alaska,2021,33.5,34.1,31.0,1.4,19.4,33.2,32.8,11.6,2.8,85.5,14.5,63.4,16.2,10.8,8.4,1.2,11.8,88.2,59.1,26.9,14.0,57.9,42.1,81.5,18.5,,,,,,,79.7,20.3
76,Kansas,2015,34.2,33.8,29.9,2.0,18.0,33.5,32.8,11.8,3.9,84.3,15.7,68.3,12.8,8.5,8.7,1.7,9.7,90.3,,,,56.3,43.7,77.7,22.3,50.0,50.0,19.3,80.7,29.0,71.0,73.5,26.5
77,Kansas,2016,31.2,35.6,31.2,2.1,18.5,34.1,32.0,11.5,4.0,84.6,15.4,67.3,13.3,8.9,8.4,2.1,8.4,91.6,,,,,,,,,,,,,,76.5,23.5
78,Kansas,2017,32.4,34.8,30.9,1.9,17.1,33.6,32.7,12.2,4.4,83.3,16.7,68.6,13.7,8.6,8.1,1.0,10.5,89.5,,,,62.4,37.6,82.7,17.3,49.3,50.7,19.0,81.0,28.5,71.5,72.1,27.9
79,Kansas,2018,34.4,34.3,29.9,1.4,17.3,33.8,31.9,12.6,4.4,83.0,17.0,74.8,11.0,7.1,6.6,0.5,11.0,89.0,,,,,,,,,,,,,,77.5,22.5
80,Kansas,2019,35.2,34.7,28.1,1.9,15.8,33.9,32.8,13.4,4.2,82.4,17.6,75.3,11.4,6.3,6.2,0.8,12.0,88.0,60.5,25.6,13.9,58.6,41.4,80.1,19.9,48.3,51.7,20.8,79.2,33.4,66.6,72.9,27.1
81,Kansas,2020,35.3,34.5,28.4,1.8,20.2,35.6,30.6,10.5,3.0,86.4,13.6,74.3,12.6,6.7,5.9,0.5,11.2,88.8,61.7,24.3,14.0,,,,,,,,,,,78.0,22.0
82,Kansas,2021,36.0,34.4,28.1,1.5,17.6,35.1,32.6,11.3,3.4,85.3,14.7,74.9,12.3,6.6,5.7,0.6,12.7,87.3,59.4,25.5,15.2,56.3,43.7,80.3,19.7,,,,,,,76.4,23.6
83,Kentucky,2015,34.6,32.6,30.9,1.9,13.0,31.6,33.2,14.8,7.5,77.8,22.2,75.2,10.5,6.3,6.9,1.1,14.7,85.3,,,,53.2,46.8,75.4,24.6,45.2,54.8,18.0,82.0,28.4,71.6,67.5,32.5
84,Kentucky,2016,34.2,34.9,28.9,2.0,14.5,30.8,32.2,14.6,7.8,77.5,22.5,76.0,9.9,6.3,6.6,1.3,14.9,85.1,,,,,,,,,,,,,,70.2,29.8
85,Kentucky,2017,34.3,33.5,30.6,1.6,13.5,29.9,31.2,17.4,8.0,74.5,25.5,73.3,12.1,6.6,7.1,1.0,16.2,83.8,,,,57.3,42.7,83.0,17.0,44.7,55.3,16.8,83.2,26.4,73.6,65.6,34.4
86,Kentucky,2018,36.6,31.9,30.0,1.6,14.0,30.0,32.4,16.0,7.4,76.5,23.5,75.4,9.8,6.6,7.2,0.9,15.7,84.3,,,,,,,,,,,,,,67.6,32.4
87,Kentucky,2019,36.4,35.4,26.4,1.8,12.5,30.9,33.2,16.4,7.0,76.6,23.4,81.0,8.5,4.5,5.4,0.6,16.8,83.2,57.0,25.8,17.2,54.2,45.8,80.3,19.7,35.3,64.7,15.3,84.7,27.0,73.0,67.2,32.8
88,Kentucky,2020,36.6,33.5,27.9,2.0,16.4,31.8,30.8,14.7,6.2,79.0,21.0,76.1,11.5,5.5,6.4,,15.4,84.6,58.6,24.0,17.4,,,,,,,,,,,69.4,30.6
89,Kentucky,2021,40.3,31.9,25.4,2.3,18.0,29.0,30.4,15.6,7.0,77.4,22.6,76.1,13.5,5.0,5.2,,17.8,82.2,59.8,22.2,18.0,55.0,45.0,80.2,19.8,,,,,,,69.5,30.5
90,Louisiana,2015,36.2,33.0,28.7,2.0,16.5,29.3,32.3,15.4,6.6,78.0,22.0,72.4,11.2,6.5,8.6,1.2,15.0,85.0,,,,49.7,50.3,69.0,31.0,46.2,53.8,18.7,81.3,27.2,72.8,68.1,31.9
91,Louisiana,2016,35.5,33.7,29.0,1.8,17.3,30.8,30.0,16.0,5.9,78.1,21.9,72.1,12.4,7.9,6.9,0.7,15.5,84.5,,,,,,,,,,,,,,70.9,29.1
92,Louisiana,2017,36.2,33.8,28.0,2.0,16.0,29.1,32.0,15.6,7.3,77.1,22.9,72.4,10.9,7.9,7.5,1.4,15.5,84.5,,,,55.0,45.0,76.1,23.9,45.0,55.0,17.8,82.2,28.0,72.0,68.2,31.8
93,Louisiana,2018,36.8,32.7,28.9,1.7,16.8,29.9,31.2,15.6,6.5,77.8,22.2,80.1,9.2,4.9,5.3,0.5,16.6,83.4,,,,,,,,,,,,,,69.2,30.8
94,Louisiana,2019,35.9,35.0,27.2,1.9,16.1,28.4,32.8,15.8,6.9,77.2,22.8,81.1,8.2,5.2,4.8,0.6,16.6,83.4,57.2,24.3,18.5,52.8,47.2,74.5,25.5,44.9,55.1,19.7,80.3,34.2,65.8,68.1,31.9
95,Louisiana,2020,38.1,32.4,27.6,1.9,19.3,31.6,29.3,15.0,4.8,80.2,19.8,78.1,10.0,5.4,5.7,0.7,15.8,84.2,56.4,26.0,17.6,,,,,,,,,,,71.0,29.0
96,Louisiana,2021,38.6,32.4,27.0,2.0,17.9,30.0,31.9,14.7,5.6,79.7,20.3,79.5,10.6,4.6,4.3,1.0,17.1,82.9,55.2,26.9,17.8,51.4,48.6,74.4,25.6,,,,,,,70.6,29.4
97,Maine,2015,30.0,36.5,32.0,1.4,18.2,37.1,28.6,12.1,4.0,83.9,16.1,71.7,14.2,7.8,6.0,0.3,10.3,89.7,,,,64.8,35.2,81.7,18.3,53.9,46.1,18.9,81.1,27.9,72.1,75.2,24.8
98,Maine,2016,29.9,35.3,33.2,1.6,17.8,35.3,30.6,11.9,4.5,83.6,16.4,73.0,12.1,8.1,6.6,,10.4,89.6,,,,,,,,,,,,,,79.4,20.6
99,Maine,2017,29.1,35.9,33.4,1.6,16.9,37.0,30.0,12.1,4.1,83.9,16.1,71.3,13.0,8.8,6.6,,10.5,89.5,,,,68.6,31.4,87.6,12.4,52.8,47.2,20.1,79.9,29.5,70.5,74.8,25.2
100,Maine,2018,30.4,35.3,32.4,1.9,16.8,35.4,29.7,13.2,4.8,82.0,18.0,75.5,11.5,6.6,6.1,,12.9,87.1,,,,,,,,,,,,,,77.5,22.5
101,Maine,2019,31.7,33.8,32.5,2.0,16.0,35.1,30.4,13.2,5.3,81.5,18.5,77.9,11.8,5.4,4.8,0.2,13.7,86.3,63.6,22.2,14.2,64.8,35.2,87.5,12.5,51.5,48.5,20.2,79.8,30.6,69.4,69.9,30.1
102,Maine,2020,31.0,34.6,32.2,2.1,23.6,37.1,26.8,9.8,2.7,87.5,12.5,80.1,10.7,4.9,4.1,,11.7,88.3,65.2,22.2,12.6,,,,,,,,,,,78.5,21.5
103,Maine,2021,31.9,34.0,32.2,1.9,19.8,36.6,28.7,10.7,4.2,85.2,14.8,78.9,11.5,4.8,4.4,,13.5,86.5,60.3,24.5,15.2,65.0,35.0,86.9,13.1,,,,,,,73.5,26.5
104,Maryland,2015,28.9,36.1,32.8,2.2,21.7,34.8,29.7,10.1,3.8,86.2,13.8,76.2,13.0,6.8,3.4,,8.3,91.7,,,,64.0,36.0,78.7,21.3,52.9,47.1,22.9,77.1,32.6,67.4,75.9,24.1
105,Maryland,2016,29.9,34.7,33.7,1.7,19.9,34.7,31.0,11.4,3.0,85.6,14.4,75.5,12.9,6.6,4.3,0.8,8.8,91.2,,,,,,,,,,,,,,76.8,23.2
106,Maryland,2017,31.3,34.9,32.0,1.8,18.6,35.2,30.9,11.8,3.6,84.6,15.4,73.0,13.8,7.4,4.8,1.0,8.7,91.3,,,,65.7,34.3,81.7,18.3,50.6,49.4,21.6,78.4,31.9,68.1,74.4,25.6
107,Maryland,2018,30.9,35.6,31.7,1.8,18.0,34.4,31.7,12.1,3.8,84.2,15.8,79.2,11.2,5.3,3.3,0.9,8.8,91.2,,,,,,,,,,,,,,77.0,23.0
108,Maryland,2019,32.2,34.4,31.4,2.0,17.9,34.7,32.7,11.5,3.3,85.2,14.8,80.2,10.6,5.6,3.1,0.5,9.5,90.5,62.0,26.2,11.8,62.8,37.2,78.7,21.3,51.6,48.4,24.0,76.0,36.6,63.4,76.6,23.4
109,Maryland,2020,31.0,35.5,31.8,1.7,24.2,36.1,28.5,9.0,2.3,88.7,11.3,77.2,13.5,5.7,3.1,0.5,8.1,91.9,62.2,25.6,12.2,,,,,,,,,,,79.0,21.0
110,Maryland,2021,34.3,33.9,30.3,1.5,19.5,35.4,31.3,11.0,2.7,86.3,13.7,75.0,14.5,6.4,3.3,0.7,9.6,90.4,59.0,28.3,12.7,62.9,37.1,80.8,19.2,,,,,,,78.3,21.7
111,Massachusetts,2015,24.3,35.4,38.4,1.9,22.2,34.7,28.5,10.1,4.4,85.4,14.6,78.0,13.1,4.9,3.3,0.6,10.5,89.5,,,,66.0,34.0,81.7,18.3,51.8,48.2,21.3,78.7,31.5,68.5,73.5,26.5
112,Massachusetts,2016,23.6,36.7,38.0,1.8,23.0,36.0,26.9,10.3,3.8,85.9,14.1,78.7,12.0,5.7,3.1,0.5,9.8,90.2,,,,,,,,,,,,,,80.0,20.0
113,Massachusetts,2017,25.8,35.6,36.3,2.3,21.5,34.3,29.0,11.7,3.5,84.8,15.2,76.4,13.1,6.0,3.8,0.8,10.3,89.7,,,,68.8,31.2,83.3,16.7,50.9,49.1,21.6,78.4,31.2,68.8,75.2,24.8
114,Massachusetts,2018,25.7,36.0,36.4,2.0,20.3,35.1,30.4,10.7,3.5,85.8,14.2,79.8,12.0,4.6,3.2,0.3,11.0,89.0,,,,,,,,,,,,,,77.6,22.4
115,Massachusetts,2019,25.2,34.5,38.2,2.1,20.8,35.3,29.8,10.8,3.4,85.9,14.1,81.8,10.5,4.3,2.8,,10.6,89.4,62.5,25.0,12.5,67.3,32.7,84.5,15.5,52.8,47.2,22.2,77.8,33.2,66.8,73.6,26.4
116,Massachusetts,2020,24.4,36.1,37.5,2.0,26.0,36.3,26.3,8.4,2.9,88.7,11.3,79.7,12.6,4.6,2.8,0.3,9.8,90.2,60.9,26.1,12.9,,,,,,,,,,,80.1,19.9
117,Massachusetts,2021,27.4,33.9,36.7,2.1,22.8,34.9,30.1,9.5,2.6,87.8,12.2,76.0,15.8,5.3,2.7,0.3,11.4,88.6,59.0,27.8,13.2,63.3,36.7,82.9,17.1,,,,,,,78.9,21.1
118,Michigan,2015,31.2,35.1,32.1,1.6,15.3,33.3,33.7,12.8,4.9,82.4,17.6,72.0,13.3,7.2,6.7,0.7,12.1,87.9,,,,60.3,39.7,75.3,24.7,52.1,47.9,19.5,80.5,29.3,70.7,74.5,25.5
119,Michigan,2016,32.5,35.0,31.0,1.5,14.2,33.6,34.2,12.9,5.2,82.0,18.0,73.1,12.8,6.7,6.5,1.0,14.2,85.8,,,,,,,,,,,,,,76.1,23.9
120,Michigan,2017,32.3,34.9,30.7,2.1,15.5,33.2,32.9,12.8,5.6,81.6,18.4,73.4,13.0,6.7,6.0,0.8,13.7,86.3,,,,63.6,36.4,81.6,18.4,49.5,50.5,19.1,80.9,29.9,70.1,72.8,27.2
121,Michigan,2018,33.0,34.5,30.7,1.8,14.3,32.6,33.8,14.2,5.0,80.7,19.3,79.5,10.5,5.2,4.3,0.5,13.3,86.7,,,,,,,,,,,,,,76.2,23.8
122,Michigan,2019,36.0,34.4,28.0,1.6,14.9,32.9,33.4,14.1,4.7,81.2,18.8,80.2,10.5,4.8,4.1,0.4,13.4,86.6,57.5,26.3,16.2,59.9,40.1,79.3,20.7,51.0,49.0,23.3,76.7,35.3,64.7,74.6,25.4
123,Michigan,2020,35.2,34.6,28.4,1.8,18.8,35.7,30.0,11.7,3.8,84.5,15.5,76.6,12.6,5.9,4.5,0.4,12.2,87.8,55.4,28.8,15.8,,,,,,,,,,,79.2,20.8
124,Michigan,2021,34.4,34.2,29.3,2.2,17.3,34.6,31.9,12.1,4.1,83.8,16.2,77.3,11.8,6.0,4.5,0.4,12.1,87.9,56.4,28.2,15.5,60.6,39.4,80.9,19.1,,,,,,,76.9,23.1
125,Minnesota,2015,26.1,36.7,35.6,1.6,20.4,37.8,29.4,9.6,2.7,87.6,12.4,70.7,14.9,7.3,6.4,0.7,8.3,91.7,,,,62.9,37.1,77.6,22.4,54.9,45.1,21.8,78.2,31.9,68.1,78.2,21.8
126,Minnesota,2016,27.8,37.0,33.6,1.7,19.8,37.4,30.1,9.8,2.9,87.3,12.7,70.6,14.4,7.6,6.6,0.9,9.5,90.5,,,,,,,,,,,,,,82.0,18.0
127,Minnesota,2017,28.4,36.5,33.3,1.8,19.4,35.7,32.2,9.8,3.0,87.2,12.8,70.3,14.4,7.7,6.6,1.0,9.6,90.4,,,,67.8,32.2,82.0,18.0,51.1,48.9,20.8,79.2,31.4,68.6,75.4,24.6
128,Minnesota,2018,30.1,35.7,32.5,1.7,19.1,36.6,30.9,10.3,3.2,86.5,13.5,75.9,12.3,5.9,5.2,0.6,8.9,91.1,,,,,,,,,,,,,,79.5,20.5
129,Minnesota,2019,30.1,35.4,32.7,1.8,17.7,37.4,31.1,10.7,3.1,86.2,13.8,73.9,13.2,6.8,5.4,0.8,9.3,90.7,61.4,27.0,11.6,64.8,35.2,79.4,20.6,57.9,42.1,25.5,74.5,36.5,63.5,80.1,19.9
130,Minnesota,2020,30.7,36.5,31.2,1.5,22.2,39.2,28.0,8.1,2.5,89.4,10.6,71.6,15.6,6.7,5.5,0.6,8.7,91.3,60.6,27.2,12.2,,,,,,,,,,,80.9,19.1
131,Minnesota,2021,32.4,34.8,31.2,1.6,19.9,37.6,30.3,9.7,2.5,87.8,12.2,69.5,16.6,7.8,5.5,0.6,10.1,89.9,58.6,29.1,12.4,63.6,36.4,79.4,20.6,,,,,,,79.8,20.2
132,Mississippi,2015,35.6,34.5,28.2,1.7,15.8,29.3,31.3,15.1,8.5,76.4,23.6,74.5,10.7,6.0,7.8,1.1,14.3,85.7,,,,48.8,51.2,68.8,31.2,38.0,62.0,15.3,84.7,26.5,73.5,63.2,36.8
133,Mississippi,2016,37.3,34.0,26.8,1.9,13.8,28.7,34.3,15.6,7.6,76.8,23.2,74.3,12.0,5.0,7.3,1.4,15.0,85.0,,,,,,,,,,,,,,69.7,30.3
134,Mississippi,2017,37.3,32.6,27.7,2.4,14.6,28.1,32.0,17.3,8.0,74.7,25.3,69.8,12.4,8.8,7.7,1.3,15.5,84.5,,,,53.7,46.3,78.6,21.4,44.7,55.3,16.6,83.4,25.9,74.1,66.8,33.2
135,Mississippi,2018,39.5,33.8,25.0,1.7,13.3,28.1,35.3,15.1,8.2,76.7,23.3,77.0,10.7,6.0,5.5,,16.7,83.3,,,,,,,,,,,,,,68.0,32.0
136,Mississippi,2019,40.8,31.9,25.4,1.9,12.7,28.4,35.3,16.5,7.1,76.4,23.6,78.7,9.6,5.5,5.2,1.0,16.4,83.6,61.4,21.4,17.3,52.5,47.5,77.0,23.0,38.5,61.5,15.7,84.3,29.0,71.0,62.3,37.7
137,Mississippi,2020,39.7,33.1,25.5,1.8,16.7,29.4,34.0,15.0,4.8,80.1,19.9,78.4,11.3,4.0,5.7,0.6,15.2,84.8,68.0,17.7,14.4,,,,,,,,,,,70.0,30.0
138,Mississippi,2021,39.1,33.6,25.4,1.9,15.3,26.8,35.4,16.3,6.2,77.5,22.5,79.5,10.2,4.0,5.4,0.8,17.6,82.4,65.3,20.0,14.7,53.2,46.8,76.8,23.2,,,,,,,69.1,30.9
139,Missouri,2015,32.4,33.9,31.7,2.0,17.2,33.6,31.3,12.3,5.5,82.2,17.8,67.4,11.7,9.0,10.6,1.2,11.1,88.9,,,,55.6,44.4,76.7,23.3,50.5,49.5,19.1,80.9,28.8,71.2,73.0,27.0
140,Missouri,2016,31.7,35.6,30.5,2.2,17.9,32.8,30.3,14.0,5.1,81.0,19.0,70.9,11.3,7.2,9.3,1.2,12.0,88.0,,,,,,,,,,,,,,75.1,24.9
141,Missouri,2017,32.5,35.4,30.0,2.2,16.9,33.4,30.8,13.5,5.5,81.0,19.0,71.3,10.9,7.2,9.3,1.3,13.2,86.8,,,,60.1,39.9,83.1,16.9,47.4,52.6,18.9,81.1,28.5,71.5,70.8,29.2
142,Missouri,2018,35.0,31.8,31.4,1.7,16.3,32.2,31.1,14.5,5.9,79.6,20.4,77.5,9.6,5.9,6.2,0.8,12.4,87.6,,,,,,,,,,,,,,73.9,26.1
143,Missouri,2019,34.8,33.3,30.3,1.6,15.7,33.5,32.0,13.5,5.4,81.1,18.9,77.2,9.3,6.2,6.5,0.8,13.4,86.6,61.5,23.5,14.9,57.8,42.2,81.0,19.0,44.4,55.6,17.1,82.9,27.8,72.2,69.4,30.6
144,Missouri,2020,34.0,35.4,28.8,1.8,19.8,34.0,30.0,11.6,4.6,83.8,16.2,74.9,11.4,6.0,7.1,0.7,13.1,86.9,61.3,23.4,15.2,,,,,,,,,,,74.3,25.7
145,Missouri,2021,37.2,32.0,29.4,1.4,17.7,33.7,31.2,12.9,4.5,82.6,17.4,76.8,10.5,5.4,6.5,0.9,14.3,85.7,58.4,25.4,16.2,56.6,43.4,80.5,19.5,,,,,,,74.7,25.3
146,Montana,2015,23.6,37.4,37.3,1.8,20.2,34.9,29.8,10.8,4.3,84.9,15.1,62.9,13.9,11.0,10.2,2.0,9.1,90.9,,,,60.7,39.3,80.7,19.3,58.2,41.8,24.5,75.5,32.9,67.1,77.5,22.5
147,Montana,2016,25.5,37.3,35.3,1.9,21.5,33.8,29.1,10.7,4.9,84.4,15.6,65.6,12.6,9.2,10.7,2.0,9.0,91.0,,,,,,,,,,,,,,80.1,19.9
148,Montana,2017,25.3,37.0,36.0,1.8,18.9,35.4,29.7,11.5,4.5,84.0,16.0,67.4,12.1,7.3,11.6,1.6,11.3,88.7,,,,63.6,36.4,84.9,15.1,54.6,45.4,21.1,78.9,30.2,69.8,75.0,25.0
149,Montana,2018,26.8,36.4,34.7,2.1,20.5,35.0,29.4,10.6,4.4,84.9,15.1,73.0,11.3,5.9,8.6,1.2,10.8,89.2,,,,,,,,,,,,,,77.3,22.7
150,Montana,2019,28.3,36.4,33.9,1.4,17.5,36.6,30.6,10.7,4.5,84.8,15.2,72.8,11.3,7.1,7.7,1.1,12.6,87.4,59.4,26.8,13.9,59.1,40.9,83.1,16.9,62.3,37.7,28.4,71.6,39.7,60.3,80.3,19.7
151,Montana,2020,28.5,36.0,34.1,1.4,21.5,36.4,29.3,9.5,3.3,87.2,12.8,70.6,12.5,6.9,9.0,1.0,10.4,89.6,60.9,26.3,12.9,,,,,,,,,,,81.1,18.9
152,Montana,2021,31.8,35.0,31.5,1.8,20.1,35.0,30.4,10.5,3.9,85.6,14.4,70.8,13.5,7.1,7.5,1.1,12.4,87.6,60.4,24.8,14.8,60.0,40.0,83.1,16.9,,,,,,,78.8,21.2
153,Nebraska,2015,31.4,35.6,31.0,2.0,18.4,36.5,31.2,10.5,3.4,86.1,13.9,64.0,14.8,10.6,9.1,1.6,8.3,91.7,,,,58.9,41.1,75.2,24.8,51.3,48.7,21.8,78.2,31.2,68.8,74.6,25.4
154,Nebraska,2016,32.0,36.6,29.7,1.7,18.8,34.6,31.9,11.4,3.3,85.3,14.7,65.4,14.1,10.6,8.6,1.3,8.2,91.8,,,,,,,,,,,,,,77.6,22.4
155,Nebraska,2017,32.8,36.2,29.2,1.8,17.1,35.2,32.7,11.3,3.6,85.1,14.9,66.6,13.9,9.7,8.4,1.4,9.0,91.0,,,,63.2,36.8,80.0,20.0,49.4,50.6,19.0,81.0,29.8,70.2,74.6,25.4
156,Nebraska,2018,34.1,34.8,29.9,1.2,18.0,35.3,32.2,11.2,3.3,85.5,14.5,72.4,12.3,7.6,6.7,1.0,8.8,91.2,,,,,,,,,,,,,,76.2,23.8
157,Nebraska,2019,34.1,34.9,29.5,1.5,17.2,34.6,33.6,11.3,3.3,85.4,14.6,73.0,12.0,7.6,6.4,1.0,8.9,91.1,63.1,25.6,11.3,60.6,39.4,79.2,20.8,48.0,52.0,20.9,79.1,34.8,65.2,73.1,26.9
158,Nebraska,2020,34.0,35.8,28.8,1.4,23.2,37.7,28.3,8.3,2.5,89.2,10.8,72.8,13.8,6.8,5.8,0.9,8.1,91.9,62.7,25.4,11.9,,,,,,,,,,,78.5,21.5
159,Nebraska,2021,35.9,35.0,27.6,1.5,18.9,36.0,31.1,11.2,2.8,86.1,13.9,73.4,12.3,7.5,6.0,0.9,9.8,90.2,60.8,26.1,13.1,57.3,42.7,79.2,20.8,,,,,,,75.8,24.2
160,Nevada,2015,26.7,38.0,33.6,1.8,18.8,27.7,36.0,13.4,4.2,82.4,17.6,66.2,11.8,9.5,9.7,2.8,11.4,88.6,,,,63.1,36.9,80.8,19.2,54.5,45.5,24.9,75.1,34.4,65.6,75.3,24.7
161,Nevada,2016,25.8,36.5,35.9,1.8,16.6,29.1,33.3,15.4,5.5,79.1,20.9,69.1,12.7,7.4,9.1,1.6,12.8,87.2,,,,,,,,,,,,,,75.3,24.7
162,Nevada,2017,26.7,39.0,32.4,2.0,16.0,28.1,35.6,16.0,4.4,79.7,20.3,67.9,11.8,8.8,9.4,2.1,11.2,88.8,,,,62.4,37.6,77.9,22.1,47.0,53.0,19.5,80.5,31.3,68.7,72.0,28.0
163,Nevada,2018,29.5,38.2,30.3,2.0,17.3,28.0,34.2,14.8,5.8,79.4,20.6,73.1,11.4,7.6,7.1,0.8,13.1,86.9,,,,,,,,,,,,,,75.0,25.0
164,Nevada,2019,30.6,37.2,29.9,2.4,17.6,28.6,32.8,15.7,5.3,79.1,20.9,71.8,11.8,7.9,7.3,1.2,12.8,87.2,61.9,23.2,14.9,56.6,43.4,74.8,25.2,48.8,51.2,20.0,80.0,34.3,65.7,74.2,25.8
165,Nevada,2020,28.7,35.6,34.5,1.2,20.9,30.0,31.4,13.4,4.4,82.2,17.8,68.0,14.3,8.9,8.1,0.7,11.2,88.8,59.6,23.1,17.3,,,,,,,,,,,74.6,25.4
166,Nevada,2021,31.3,36.1,30.5,2.1,17.5,30.5,33.4,13.5,5.1,81.4,18.6,71.4,13.4,7.4,6.3,1.5,13.7,86.3,56.5,25.9,17.6,58.1,41.9,76.0,24.0,,,,,,,75.8,24.2
167,New Hampshire,2015,26.3,37.3,35.0,1.3,22.4,37.6,27.9,8.7,3.3,87.9,12.1,72.9,14.1,7.3,5.5,,8.9,91.1,,,,66.7,33.3,82.7,17.3,57.6,42.4,23.1,76.9,31.6,68.4,77.4,22.6
168,New Hampshire,2016,26.6,36.9,34.5,2.0,21.6,37.0,27.4,10.2,3.9,85.9,14.1,73.7,14.2,6.7,5.1,,10.6,89.4,,,,,,,,,,,,,,80.7,19.3
169,New Hampshire,2017,28.1,36.8,33.7,1.4,20.1,38.1,27.8,10.4,3.5,86.1,13.9,73.1,12.7,8.0,5.6,,9.4,90.6,,,,69.9,30.1,86.5,13.5,54.4,45.6,21.4,78.6,30.4,69.6,76.1,23.9
170,New Hampshire,2018,29.6,35.4,33.6,1.4,19.6,36.3,30.8,9.7,3.7,86.6,13.4,77.9,12.5,4.7,4.6,,10.0,90.0,,,,,,,,,,,,,,78.5,21.5
171,New Hampshire,2019,31.8,35.9,30.8,1.5,18.7,36.8,29.9,10.5,4.1,85.4,14.6,78.0,10.9,5.7,5.4,,11.2,88.8,61.4,24.6,13.9,64.4,35.6,84.1,15.9,56.9,43.1,26.4,73.6,37.2,62.8,78.3,21.7
172,New Hampshire,2020,29.9,35.8,33.1,1.3,23.4,38.7,26.5,8.2,3.1,88.6,11.4,74.4,14.2,6.1,5.2,,8.9,91.1,59.7,26.6,13.7,,,,,,,,,,,80.7,19.3
173,New Hampshire,2021,30.6,35.4,31.8,2.3,19.8,37.5,30.6,9.6,2.6,87.8,12.2,75.2,14.4,5.9,4.5,,11.6,88.4,56.0,29.5,14.6,64.3,35.7,84.7,15.3,,,,,,,80.0,20.0
174,New Jersey,2015,25.6,37.8,35.0,1.6,21.0,31.9,31.2,12.1,3.9,84.0,16.0,77.5,12.0,5.6,3.8,1.1,7.8,92.2,,,,64.1,35.9,77.9,22.1,48.9,51.1,20.8,79.2,31.5,68.5,72.8,27.2
175,New Jersey,2016,27.4,36.5,33.8,2.4,19.4,32.9,30.2,13.4,4.2,82.4,17.6,78.8,10.8,4.9,4.4,1.1,9.6,90.4,,,,,,,,,,,,,,70.2,29.8
176,New Jersey,2017,27.2,35.3,36.0,1.4,20.1,31.8,29.7,13.8,4.6,81.6,18.4,76.1,12.6,5.4,4.7,1.1,10.4,89.6,,,,66.4,33.6,80.9,19.1,48.9,51.1,21.9,78.1,32.8,67.2,71.0,29.0
177,New Jersey,2018,25.6,36.6,35.6,2.1,20.3,29.8,33.2,12.7,4.0,83.3,16.7,80.6,9.8,6.0,3.0,0.7,10.5,89.5,,,,,,,,,,,,,,71.5,28.5
178,New Jersey,2020,27.7,36.9,33.7,1.7,25.7,34.9,27.8,9.0,2.7,88.4,11.6,77.2,14.3,5.1,2.9,0.5,8.4,91.6,64.4,23.2,12.3,,,,,,,,,,,79.0,21.0
179,New Jersey,2021,28.2,37.4,32.7,1.7,21.3,33.4,30.3,11.7,3.3,85.0,15.0,76.6,14.0,5.4,3.2,0.7,10.1,89.9,60.7,26.0,13.3,64.9,35.1,78.7,21.3,,,,,,,75.9,24.1
180,New Mexico,2015,28.8,35.6,34.0,1.5,19.2,28.7,31.3,15.5,5.3,79.2,20.8,64.1,14.3,10.7,9.2,1.7,11.8,88.2,,,,56.9,43.1,78.5,21.5,56.0,44.0,23.6,76.4,33.6,66.4,77.4,22.6
181,New Mexico,2016,28.3,36.6,33.0,2.0,17.3,28.1,32.9,15.8,5.8,78.3,21.7,62.5,16.0,11.0,8.2,2.3,13.2,86.8,,,,,,,,,,,,,,79.7,20.3
182,New Mexico,2017,28.4,36.8,32.7,2.1,17.5,25.6,35.5,15.0,6.4,78.6,21.4,62.8,16.5,9.4,9.1,2.2,12.9,87.1,,,,62.6,37.4,79.6,20.4,54.0,46.0,23.2,76.8,32.8,67.2,75.5,24.5
183,New Mexico,2018,32.3,34.9,30.5,2.3,17.4,27.1,34.0,16.0,5.6,78.5,21.5,71.2,13.5,7.7,6.5,1.0,12.5,87.5,,,,,,,,,,,,,,77.8,22.2
184,New Mexico,2019,31.7,34.4,32.4,1.5,16.6,28.3,33.9,16.1,5.0,78.9,21.1,69.9,13.4,8.8,6.6,1.4,13.2,86.8,62.0,23.2,14.8,57.0,43.0,76.4,23.6,53.5,46.5,25.7,74.3,38.4,61.6,74.6,25.4
185,New Mexico,2020,30.9,36.9,29.9,2.4,22.2,31.5,31.4,11.8,3.1,85.1,14.9,69.6,16.0,6.8,6.8,0.8,11.4,88.6,64.2,22.6,13.1,,,,,,,,,,,77.0,23.0
186,New Mexico,2021,34.6,35.4,28.0,2.0,19.1,28.9,32.9,15.0,4.0,80.9,19.1,63.0,19.2,9.1,7.5,1.1,14.4,85.6,61.6,23.9,14.5,58.8,41.2,77.7,22.3,,,,,,,77.0,23.0
187,New York,2015,25.0,34.5,38.4,2.1,18.7,32.2,32.3,11.9,4.9,83.2,16.8,72.3,13.3,8.2,5.2,1.0,9.2,90.8,,,,62.6,37.4,77.6,22.4,47.1,52.9,20.0,80.0,30.2,69.8,70.7,29.3
188,New York,2016,25.5,35.3,37.0,2.2,20.2,30.3,32.6,12.7,4.2,83.1,16.9,74.9,12.4,6.9,5.0,0.8,8.7,91.3,,,,,,,,,,,,,,73.7,26.3
189,New York,2017,25.7,35.6,36.5,2.2,18.5,31.1,33.1,12.9,4.4,82.7,17.3,74.6,12.5,7.3,4.5,1.0,9.6,90.4,,,,66.5,33.5,79.7,20.3,49.3,50.7,19.8,80.2,29.9,70.1,72.8,27.2
190,New York,2018,27.6,35.1,34.9,2.4,19.8,31.9,31.2,12.7,4.3,82.9,17.1,81.8,10.2,4.4,3.2,0.4,10.0,90.0,,,,,,,,,,,,,,76.2,23.8
191,New York,2019,27.1,36.1,35.0,1.8,19.6,32.1,31.0,12.9,4.4,82.7,17.3,81.0,10.0,5.1,3.3,0.6,9.9,90.1,64.6,23.6,11.8,65.5,34.5,78.5,21.5,50.2,49.8,24.1,75.9,37.9,62.1,72.8,27.2
192,New York,2020,26.3,37.0,34.2,2.4,25.2,33.5,28.7,9.4,3.1,87.5,12.5,79.7,12.7,4.6,2.5,0.5,9.1,90.9,64.5,22.8,12.7,,,,,,,,,,,74.4,25.6
193,New York,2021,29.1,34.5,34.1,2.2,21.9,32.3,31.1,11.2,3.4,85.4,14.6,78.9,12.8,4.9,2.7,0.7,10.8,89.2,63.3,23.8,13.0,64.3,35.7,79.3,20.7,,,,,,,74.2,25.8
194,North Carolina,2015,30.1,35.8,32.7,1.5,18.8,31.2,30.8,13.4,5.8,80.8,19.2,73.5,12.6,7.3,5.6,1.0,11.6,88.4,,,,56.7,43.3,78.4,21.6,48.1,51.9,18.9,81.1,29.3,70.7,73.8,26.2
195,North Carolina,2016,31.8,35.0,31.4,1.7,18.2,32.0,31.5,13.2,5.1,81.7,18.3,74.6,10.6,7.3,6.5,1.0,11.3,88.7,,,,,,,,,,,,,,76.7,23.3
196,North Carolina,2017,32.1,34.8,31.3,1.7,18.0,30.9,31.9,13.8,5.3,80.9,19.1,74.9,10.2,7.4,6.6,0.8,11.3,88.7,,,,62.6,37.4,84.4,15.6,49.2,50.8,18.8,81.2,29.4,70.6,74.4,25.6
197,North Carolina,2018,33.0,35.1,29.8,2.1,17.2,31.5,32.1,13.7,5.4,80.9,19.1,80.0,8.5,5.9,5.0,0.6,12.4,87.6,,,,,,,,,,,,,,76.1,23.9
198,North Carolina,2019,34.0,35.6,28.6,1.8,17.8,29.9,32.9,14.0,5.4,80.6,19.4,79.0,8.8,6.4,5.2,0.5,13.6,86.4,64.4,21.8,13.8,61.9,38.1,82.9,17.1,49.7,50.3,21.6,78.4,31.9,68.1,73.7,26.3
199,North Carolina,2020,33.6,35.7,29.1,1.6,22.3,34.0,29.2,10.9,3.6,85.5,14.5,80.1,9.3,5.4,4.8,0.4,11.3,88.7,65.3,21.8,12.9,,,,,,,,,,,77.3,22.7
200,North Carolina,2021,36.0,32.6,30.0,1.4,19.6,35.2,30.0,11.4,3.8,84.8,15.2,79.3,10.2,5.8,4.0,0.6,12.9,87.1,64.4,21.8,13.8,59.7,40.3,82.0,18.0,,,,,,,77.7,22.3
201,North Dakota,2015,31.0,36.0,31.8,1.2,18.0,37.2,30.9,10.9,3.0,86.1,13.9,62.4,14.2,10.7,11.9,0.8,7.6,92.4,,,,59.6,40.4,72.5,27.5,47.0,53.0,17.7,82.3,27.6,72.4,73.2,26.8
202,North Dakota,2016,31.9,36.2,30.4,1.5,18.2,34.8,32.2,11.4,3.4,85.2,14.8,62.0,14.8,9.6,12.7,0.9,7.8,92.2,,,,,,,,,,,,,,77.8,22.2
203,North Dakota,2017,33.2,36.2,29.0,1.6,16.6,35.9,32.2,11.3,4.0,84.7,15.3,61.4,14.8,11.7,10.0,2.2,7.7,92.3,,,,63.2,36.8,80.2,19.8,45.7,54.3,17.1,82.9,30.2,69.8,72.4,27.6
204,North Dakota,2018,35.1,35.9,27.9,1.1,17.1,35.0,34.0,10.7,3.2,86.1,13.9,72.7,11.0,7.6,7.9,0.8,9.2,90.8,,,,,,,,,,,,,,77.7,22.3
205,North Dakota,2019,34.8,35.5,28.5,1.3,16.7,36.6,32.8,10.6,3.3,86.1,13.9,72.1,11.7,8.2,7.0,1.1,10.1,89.9,65.5,23.2,11.3,59.4,40.6,77.9,22.1,46.9,53.1,20.1,79.9,32.0,68.0,72.0,28.0
206,North Dakota,2020,33.1,37.6,28.1,1.2,21.1,36.4,30.4,9.6,2.5,87.9,12.1,69.8,14.3,8.0,6.8,1.0,9.6,90.4,65.0,23.7,11.3,,,,,,,,,,,75.4,24.6
207,North Dakota,2021,35.2,34.8,28.1,1.8,19.2,36.3,31.5,10.0,2.9,87.0,13.0,72.2,12.6,7.8,6.6,0.8,11.1,88.9,63.2,24.2,12.6,56.0,44.0,77.3,22.7,,,,,,,74.5,25.5
208,Ohio,2015,29.8,36.7,31.7,1.8,18.4,33.5,31.5,12.1,4.5,83.5,16.5,72.0,11.5,7.5,8.1,0.9,11.2,88.8,,,,57.1,42.9,75.2,24.8,50.2,49.8,19.7,80.3,29.5,70.5,73.0,27.0
209,Ohio,2016,31.5,34.8,31.9,1.8,16.6,34.1,31.3,13.5,4.5,82.0,18.0,75.0,10.5,6.6,7.2,0.7,11.0,89.0,,,,,,,,,,,,,,74.1,25.9
210,Ohio,2017,33.8,34.2,30.3,1.7,15.5,33.5,32.1,14.2,4.6,81.1,18.9,72.4,12.0,7.7,7.3,0.5,12.3,87.7,,,,62.3,37.7,81.3,18.7,47.8,52.2,18.3,81.7,29.2,70.8,70.4,29.6
211,Ohio,2018,34.0,34.4,30.0,1.6,16.4,32.9,32.0,14.2,4.5,81.3,18.7,78.6,8.9,5.6,6.6,0.5,12.6,87.4,,,,,,,,,,,,,,74.6,25.4
212,Ohio,2019,34.8,34.5,29.0,1.7,15.5,32.4,32.8,14.3,5.0,80.7,19.3,78.2,10.1,5.2,5.9,0.5,12.2,87.8,59.4,24.3,16.3,57.3,42.7,79.8,20.2,48.0,52.0,20.9,79.1,34.7,65.3,71.7,28.3
213,Ohio,2020,35.5,33.5,29.2,1.8,20.9,34.1,29.6,11.7,3.8,84.6,15.4,76.9,11.6,5.3,5.8,0.5,11.0,89.0,60.1,24.6,15.3,,,,,,,,,,,75.5,24.5
214,Ohio,2021,37.8,33.3,27.5,1.4,17.5,33.6,32.1,13.0,3.8,83.2,16.8,77.0,10.9,6.4,5.3,0.5,13.2,86.8,57.1,26.6,16.3,57.0,43.0,80.4,19.6,,,,,,,74.0,26.0
215,Arizona,2015,28.4,36.9,32.6,2.1,20.4,30.4,30.4,14.3,4.6,81.2,18.8,66.8,15.0,8.3,8.3,1.6,10.1,89.9,,,,60.3,39.7,79.5,20.5,53.8,46.2,21.8,78.2,30.7,69.3,75.3,24.7
216,Arizona,2016,29.0,34.2,34.6,2.2,19.5,31.8,30.1,13.3,5.2,81.4,18.6,67.4,14.0,9.1,8.2,1.3,10.6,89.4,,,,,,,,,,,,,,76.9,23.1
217,Arizona,2017,29.5,35.3,32.9,2.4,17.9,30.8,32.1,14.2,5.0,80.8,19.2,67.3,14.2,8.8,8.5,1.3,11.0,89.0,,,,63.0,37.0,79.4,20.6,52.7,47.3,22.1,77.9,31.4,68.6,75.0,25.0
218,Arizona,2018,29.5,35.2,33.1,2.2,18.7,30.4,31.4,14.4,5.0,80.6,19.4,73.8,12.3,7.9,5.3,0.6,10.6,89.4,,,,,,,,,,,,,,77.9,22.1
219,Arizona,2019,31.4,34.4,31.8,2.4,17.6,30.1,33.3,14.0,5.0,81.0,19.0,73.5,11.6,7.9,6.3,0.8,12.1,87.9,60.0,25.6,14.4,61.7,38.3,78.4,21.6,53.8,46.2,25.5,74.5,37.7,62.3,75.9,24.1
220,Arizona,2020,30.9,35.2,31.8,2.1,22.4,32.6,29.6,12.1,3.2,84.7,15.3,72.3,13.4,7.2,6.4,0.6,9.9,90.1,62.0,24.5,13.5,,,,,,,,,,,77.6,22.4
221,Arizona,2021,31.3,36.6,29.9,2.2,21.1,31.2,31.3,12.7,3.7,83.6,16.4,70.2,14.9,7.7,6.3,0.9,12.9,87.1,59.4,25.2,15.4,58.4,41.6,78.4,21.6,,,,,,,77.3,22.7
222,Oklahoma,2015,33.9,35.1,29.6,1.5,15.9,28.7,33.7,15.5,6.3,78.2,21.8,65.6,13.5,9.0,10.1,1.8,13.2,86.8,,,,48.9,51.1,75.6,24.4,46.6,53.4,16.9,83.1,26.2,73.8,66.8,33.2
223,Oklahoma,2016,32.8,36.0,29.8,1.5,14.8,30.5,34.5,14.2,6.0,79.8,20.2,68.3,11.7,8.0,9.8,2.3,13.6,86.4,,,,,,,,,,,,,,71.5,28.5
224,Oklahoma,2017,36.5,34.1,28.0,1.4,15.5,29.6,33.4,14.7,6.8,78.4,21.6,67.4,11.4,7.9,11.1,2.2,15.2,84.8,,,,54.2,45.8,82.9,17.1,42.5,57.5,15.8,84.2,25.5,74.5,67.6,32.4
225,Oklahoma,2018,34.8,34.8,28.3,2.1,15.3,31.2,31.8,15.4,6.3,78.3,21.7,74.5,8.8,6.6,8.6,1.5,14.2,85.8,,,,,,,,,,,,,,72.8,27.2
226,Oklahoma,2019,36.8,34.6,26.3,2.3,14.3,30.0,33.8,15.9,6.0,78.1,21.9,76.5,9.1,6.4,7.0,1.0,15.3,84.7,61.4,22.9,15.6,51.6,48.4,78.4,21.6,37.3,62.7,15.6,84.4,28.7,71.3,66.0,34.0
227,Oklahoma,2020,36.4,32.9,28.4,2.2,17.9,31.3,32.7,12.5,5.6,81.9,18.1,76.1,10.0,5.7,6.9,1.3,13.4,86.6,61.5,22.5,15.9,,,,,,,,,,,71.4,28.6
228,Oklahoma,2021,39.4,32.5,26.2,2.0,16.8,31.1,32.2,14.7,5.2,80.1,19.9,73.6,11.2,6.9,7.2,1.0,14.4,85.6,58.8,23.9,17.4,51.3,48.7,79.3,20.7,,,,,,,71.7,28.3
229,Oregon,2015,30.0,34.5,33.5,2.0,18.5,33.3,29.6,13.6,5.0,81.4,18.6,62.6,15.7,11.1,9.0,1.6,12.9,87.1,,,,63.5,36.5,83.5,16.5,60.4,39.6,22.6,77.4,30.4,69.6,81.2,18.8
230,Oregon,2016,28.7,33.9,35.7,1.7,18.0,34.8,30.8,12.2,4.2,83.6,16.4,64.5,16.2,9.0,8.4,1.9,12.6,87.4,,,,,,,,,,,,,,82.8,17.2
231,Oregon,2017,29.4,35.1,33.3,2.2,17.1,34.4,30.9,12.7,4.9,82.4,17.6,63.2,15.5,10.6,9.4,1.2,11.6,88.4,,,,67.1,32.9,83.6,16.4,56.9,43.1,22.3,77.7,31.1,68.9,78.6,21.4
232,Oregon,2018,29.9,34.2,33.9,2.0,16.7,33.3,31.3,13.9,4.8,81.2,18.8,73.1,13.1,7.2,5.8,0.8,13.0,87.0,,,,,,,,,,,,,,80.7,19.3
233,Oregon,2019,29.0,34.9,34.0,2.1,17.3,33.6,30.9,13.7,4.5,81.8,18.2,73.4,13.2,6.6,6.2,0.7,11.8,88.2,59.7,26.2,14.1,64.2,35.8,83.6,16.4,56.5,43.5,24.9,75.1,34.8,65.2,76.1,23.9
234,Oregon,2020,28.0,36.2,33.8,2.0,20.9,34.8,30.8,10.3,3.2,86.5,13.5,73.4,13.7,7.2,4.9,0.8,11.6,88.4,61.1,25.0,13.9,,,,,,,,,,,81.5,18.5
235,Oregon,2021,30.4,34.7,33.0,1.9,18.9,35.3,31.0,11.4,3.4,85.2,14.8,67.4,17.4,8.5,6.2,0.6,13.9,86.1,56.6,27.0,16.4,62.3,37.7,83.6,16.4,,,,,,,80.1,19.9
236,Pennsylvania,2015,30.0,36.2,32.1,1.7,16.2,35.6,31.7,13.1,3.3,83.6,16.4,74.0,11.9,7.7,6.2,,10.4,89.6,,,,60.7,39.3,75.8,24.2,49.8,50.2,19.6,80.4,29.6,70.4,72.2,27.8
237,Pennsylvania,2016,30.3,35.2,33.2,1.3,16.5,34.8,32.1,12.4,4.2,83.4,16.6,73.0,12.2,7.8,6.4,,9.9,90.1,,,,,,,,,,,,,,77.1,22.9
238,Pennsylvania,2017,31.6,35.5,30.8,2.1,16.6,32.9,31.8,13.7,4.9,81.4,18.6,73.2,11.5,8.2,6.4,0.8,11.2,88.8,,,,66.0,34.0,83.6,16.4,53.0,47.0,20.9,79.1,30.4,69.6,75.1,24.9
239,Pennsylvania,2018,30.9,35.0,32.3,1.8,16.1,32.8,32.2,14.3,4.6,81.1,18.9,79.1,10.4,5.3,4.7,,12.7,87.3,,,,,,,,,,,,,,76.0,24.0
240,Pennsylvania,2019,33.2,35.2,29.8,1.8,15.2,33.6,32.4,14.4,4.4,81.1,18.9,80.0,9.5,5.0,4.9,0.6,11.4,88.6,61.9,24.4,13.7,62.0,38.0,80.2,19.8,49.9,50.1,21.8,78.2,33.6,66.4,74.4,25.6
241,Pennsylvania,2020,31.5,35.7,31.5,1.4,20.4,35.9,29.5,11.2,3.0,85.8,14.2,79.8,11.3,4.8,3.9,,11.0,89.0,61.6,24.2,14.2,,,,,,,,,,,75.5,24.5
242,Pennsylvania,2021,33.3,33.0,32.5,1.2,18.3,34.0,31.4,12.0,4.2,83.8,16.2,77.1,12.8,5.4,4.3,,11.8,88.2,61.4,24.6,14.0,60.7,39.3,80.6,19.4,,,,,,,75.8,24.2
243,Rhode Island,2015,26.0,36.7,35.9,1.5,18.6,35.2,29.9,11.9,4.3,83.8,16.2,81.0,10.5,4.8,3.3,,11.5,88.5,,,,62.4,37.6,76.5,23.5,50.4,49.6,20.0,80.0,28.7,71.3,71.9,28.1
244,Rhode Island,2016,26.6,37.1,34.6,1.7,19.3,33.3,31.8,11.3,4.3,84.4,15.6,81.5,10.0,4.4,3.5,,11.7,88.3,,,,,,,,,,,,,,75.6,24.4
245,Rhode Island,2017,30.0,34.9,33.6,1.6,18.6,33.1,31.1,12.7,4.5,82.8,17.2,81.5,9.5,4.8,3.7,,12.2,87.8,,,,66.6,33.4,82.3,17.7,50.6,49.4,18.9,81.1,28.8,71.2,73.7,26.3
246,Rhode Island,2018,27.7,36.9,33.4,2.0,19.1,33.7,30.0,13.1,4.2,82.7,17.3,84.1,9.1,3.8,2.6,,12.4,87.6,,,,,,,,,,,,,,74.7,25.3
247,Rhode Island,2019,30.0,34.4,33.9,1.7,17.7,33.0,32.3,12.8,4.3,83.0,17.0,83.8,9.3,3.6,2.7,,12.3,87.7,61.0,25.1,13.9,64.3,35.7,79.6,20.4,49.9,50.1,24.1,75.9,36.1,63.9,73.5,26.5
248,Rhode Island,2020,30.1,34.5,33.7,1.7,23.0,35.0,29.6,9.6,2.7,87.7,12.3,83.8,9.5,3.4,3.1,,10.3,89.7,61.7,25.1,13.3,,,,,,,,,,,76.5,23.5
249,Rhode Island,2021,30.1,36.2,31.9,1.8,19.4,36.5,30.2,10.7,3.2,86.1,13.9,81.0,11.6,5.0,2.1,,11.9,88.1,59.4,26.3,14.3,65.1,34.9,80.6,19.4,,,,,,,75.8,24.2
250,South Carolina,2015,31.7,34.5,32.0,1.8,18.7,33.0,30.3,12.2,5.7,82.0,18.0,67.6,13.6,8.7,9.0,1.1,11.9,88.1,,,,52.9,47.1,74.6,25.4,50.5,49.5,19.7,80.3,29.4,70.6,73.3,26.7
251,South Carolina,2016,32.3,35.1,30.7,1.9,18.0,31.9,30.1,14.0,6.0,80.0,20.0,67.8,13.7,8.1,9.0,1.4,12.9,87.1,,,,,,,,,,,,,,73.1,26.9
252,South Carolina,2017,34.1,34.0,30.4,1.5,18.9,31.0,30.8,13.3,6.0,80.7,19.3,68.8,12.9,8.0,9.2,1.0,12.6,87.4,,,,59.4,40.6,82.0,18.0,48.6,51.4,18.8,81.2,27.4,72.6,71.6,28.4
253,South Carolina,2018,34.3,35.4,28.4,1.9,17.6,31.6,32.0,12.6,6.3,81.1,18.9,77.5,9.6,6.3,5.9,0.7,13.7,86.3,,,,,,,,,,,,,,73.3,26.7
254,South Carolina,2019,35.4,33.9,28.7,2.0,15.7,32.7,32.8,13.7,5.2,81.1,18.9,79.5,9.9,4.9,5.2,,13.2,86.8,61.3,25.6,13.0,56.8,43.2,81.3,18.7,46.9,53.1,23.0,77.0,38.2,61.8,71.2,28.8
255,South Carolina,2020,36.2,33.3,28.4,2.1,18.7,33.7,30.5,11.7,5.4,82.9,17.1,79.1,9.9,5.1,5.4,0.5,13.9,86.1,62.5,22.8,14.7,,,,,,,,,,,73.4,26.6
256,South Carolina,2021,36.1,34.4,27.7,1.8,18.7,32.2,31.9,12.7,4.5,82.8,17.2,78.2,10.8,5.2,5.4,0.4,13.1,86.9,59.0,24.3,16.7,58.0,42.0,79.7,20.3,,,,,,,75.0,25.0
257,South Dakota,2015,30.4,34.1,34.3,1.3,20.8,35.4,30.1,10.2,3.4,86.3,13.7,70.2,10.7,7.7,10.4,1.0,7.7,92.3,,,,57.5,42.5,73.9,26.1,53.6,46.4,19.2,80.8,28.8,71.2,78.6,21.4
258,South Dakota,2016,29.6,37.3,31.8,1.3,20.0,35.7,31.3,9.6,3.4,87.0,13.0,68.6,11.2,7.8,10.6,1.9,6.8,93.2,,,,,,,,,,,,,,81.1,18.9
259,South Dakota,2017,31.9,35.8,30.8,1.4,19.3,35.3,31.1,10.5,3.8,85.7,14.3,68.7,12.5,7.6,9.8,1.3,9.3,90.7,,,,63.1,36.9,83.1,16.9,50.8,49.2,18.6,81.4,28.4,71.6,75.1,24.9
260,South Dakota,2018,30.1,37.8,30.4,1.7,18.0,36.2,31.2,11.1,3.6,85.4,14.6,74.7,11.1,6.4,6.7,1.1,9.7,90.3,,,,,,,,,,,,,,76.0,24.0
261,South Dakota,2019,33.0,37.9,27.8,1.2,18.9,33.0,32.1,11.5,4.5,84.0,16.0,74.3,10.9,6.3,7.5,1.0,10.2,89.8,66.5,22.9,10.6,60.9,39.1,82.6,17.4,45.8,54.2,21.8,78.2,34.6,65.4,70.0,30.0
262,South Dakota,2020,33.2,36.4,29.1,1.3,22.3,39.3,27.2,9.2,2.0,88.8,11.2,76.2,12.4,5.7,4.6,,7.9,92.1,68.5,22.1,9.4,,,,,,,,,,,77.6,22.4
263,South Dakota,2021,38.4,33.7,26.6,1.2,18.8,36.8,30.8,10.9,2.7,86.4,13.6,75.8,12.0,5.4,6.0,,11.0,89.0,61.9,26.7,11.4,56.6,43.4,80.8,19.2,,,,,,,76.8,23.2
264,Tennessee,2015,33.8,34.9,29.9,1.4,16.0,30.4,32.4,14.3,6.8,78.9,21.1,72.7,10.8,7.5,8.1,1.0,13.2,86.8,,,,54.9,45.1,77.4,22.6,45.4,54.6,17.8,82.2,27.6,72.4,69.6,30.4
265,Tennessee,2016,34.8,33.8,29.5,1.9,16.6,31.0,31.9,13.4,7.1,79.5,20.5,69.8,12.5,8.4,8.3,1.0,13.9,86.1,,,,,,,,,,,,,,71.6,28.4
266,Tennessee,2017,32.8,35.4,29.8,2.0,15.2,31.7,31.8,14.5,6.7,78.8,21.2,71.8,12.2,7.6,7.7,0.7,14.4,85.6,,,,61.1,38.9,84.2,15.8,47.0,53.0,16.9,83.1,26.6,73.4,69.4,30.6
267,Tennessee,2018,34.4,33.5,30.6,1.6,13.7,31.9,31.7,15.0,7.8,77.3,22.7,77.0,10.2,6.3,6.0,0.4,15.2,84.8,,,,,,,,,,,,,,69.1,30.9
268,Tennessee,2019,36.5,33.0,28.6,1.9,14.0,33.4,31.0,15.3,6.4,78.4,21.6,78.4,9.1,6.2,5.5,0.7,14.8,85.2,59.1,25.1,15.8,57.0,43.0,81.0,19.0,46.8,53.2,21.8,78.2,35.5,64.5,69.9,30.1
269,Tennessee,2020,35.6,34.4,28.4,1.6,19.3,35.1,28.6,12.6,4.3,83.1,16.9,75.5,12.5,6.4,5.2,,12.6,87.4,61.1,22.8,16.1,,,,,,,,,,,75.4,24.6
270,Tennessee,2021,35.0,36.6,26.2,2.2,16.4,33.0,31.2,14.3,5.1,80.6,19.4,78.4,10.7,5.5,4.9,0.5,15.6,84.4,56.4,25.6,18.0,53.9,46.1,80.3,19.7,,,,,,,71.3,28.7
271,Texas,2015,32.4,36.3,29.5,1.9,18.2,26.6,35.8,14.2,5.1,80.6,19.4,65.4,13.6,9.3,9.3,2.3,10.1,89.9,,,,57.5,42.5,80.4,19.6,44.3,55.7,18.8,81.2,29.2,70.8,70.5,29.5
272,Texas,2016,33.6,34.8,29.7,1.8,19.1,27.7,34.9,13.1,5.2,81.7,18.3,68.2,13.0,7.8,8.8,2.2,9.9,90.1,,,,,,,,,,,,,,74.8,25.2
273,Texas,2017,33.0,36.4,28.8,1.8,16.7,27.0,35.4,15.5,5.4,79.2,20.8,65.3,13.4,10.4,9.0,1.9,11.9,88.1,,,,60.6,39.4,78.1,21.9,41.9,58.1,17.0,83.0,29.2,70.8,67.9,32.1
274,Texas,2018,34.8,34.8,29.2,1.2,18.5,28.6,33.8,13.4,5.7,80.9,19.1,73.8,12.2,7.1,5.6,1.3,9.7,90.3,,,,,,,,,,,,,,74.4,25.6
275,Texas,2019,34.0,35.8,28.4,1.8,17.2,28.7,32.9,16.4,4.8,78.8,21.2,73.7,11.9,7.1,5.9,1.4,11.4,88.6,64.0,23.8,12.2,59.0,41.0,77.0,23.0,48.5,51.5,24.3,75.7,37.8,62.2,72.8,27.2
276,Texas,2020,35.8,34.4,27.9,1.9,22.0,29.1,33.0,12.4,3.5,84.1,15.9,72.6,13.6,7.0,5.8,1.1,10.9,89.1,63.6,23.1,13.2,,,,,,,,,,,74.4,25.6
277,Texas,2021,36.1,33.7,28.4,1.8,19.1,29.4,33.4,14.0,4.2,81.9,18.1,69.5,15.0,8.2,6.0,1.4,12.2,87.8,59.9,26.1,14.0,59.4,40.6,75.9,24.1,,,,,,,74.9,25.1
278,Utah,2015,24.5,35.2,38.3,2.0,22.4,36.5,28.6,9.4,3.1,87.5,12.5,59.0,17.1,11.9,9.8,2.2,8.8,91.2,,,,62.4,37.6,80.0,20.0,55.3,44.7,24.8,75.2,34.8,65.2,79.7,20.3
279,Utah,2016,25.4,35.0,37.7,1.9,21.9,36.7,29.8,8.8,2.9,88.3,11.7,61.4,15.5,11.0,10.4,1.7,9.0,91.0,,,,,,,,,,,,,,84.3,15.7
280,Utah,2017,25.2,35.3,37.2,2.2,20.7,35.1,30.6,10.1,3.6,86.4,13.6,60.4,15.9,11.0,10.9,1.9,10.6,89.4,,,,67.9,32.1,82.7,17.3,54.0,46.0,23.0,77.0,33.4,66.6,78.9,21.1
281,Utah,2018,27.8,34.3,35.7,2.2,20.5,34.4,30.6,11.2,3.3,85.5,14.5,69.4,13.6,7.9,7.9,1.2,10.9,89.1,,,,,,,,,,,,,,82.5,17.5
282,Utah,2019,29.2,34.5,34.5,1.7,19.6,35.0,31.0,11.2,3.2,85.6,14.4,69.4,12.5,9.7,7.1,1.3,11.0,89.0,54.2,31.6,14.2,63.4,36.6,78.7,21.3,54.8,45.2,24.9,75.1,38.4,61.6,81.5,18.5
283,Utah,2020,28.6,33.8,35.2,2.5,25.7,36.2,27.5,8.2,2.4,89.3,10.7,68.6,14.9,8.5,7.3,0.8,10.8,89.2,53.4,31.6,15.0,,,,,,,,,,,84.1,15.9
284,Utah,2021,30.9,33.3,33.7,2.1,22.4,36.2,29.0,9.7,2.7,87.6,12.4,69.5,13.3,8.6,7.6,1.0,12.9,87.1,50.2,32.8,17.1,62.3,37.7,80.0,20.0,,,,,,,82.7,17.3
285,Arkansas,2015,34.5,35.0,28.2,2.3,14.3,28.0,33.9,17.1,6.7,76.2,23.8,68.8,11.9,7.6,9.5,2.2,14.5,85.5,,,,50.4,49.6,71.9,28.1,45.1,54.9,15.6,84.4,24.4,75.6,65.8,34.2
286,Arkansas,2016,35.7,32.5,29.7,2.0,14.0,28.6,31.9,17.1,8.4,74.4,25.6,72.2,10.9,6.4,9.0,1.6,15.5,84.5,,,,,,,,,,,,,,67.5,32.5
287,Arkansas,2017,35.0,35.4,27.8,1.7,14.1,29.0,32.8,16.6,7.5,75.8,24.2,70.2,11.4,8.6,8.6,1.1,15.4,84.6,,,,55.6,44.4,80.8,19.2,45.4,54.6,16.5,83.5,25.6,74.4,67.4,32.6
288,Arkansas,2018,37.1,33.3,27.2,2.4,13.7,29.3,32.3,17.1,7.6,75.3,24.7,77.5,9.4,6.2,5.9,1.0,14.6,85.4,,,,,,,,,,,,,,69.0,31.0
289,Arkansas,2019,37.4,33.2,27.8,1.6,13.2,28.1,33.5,17.5,7.6,74.8,25.2,79.5,8.7,5.1,5.4,1.4,17.2,82.8,58.7,23.5,17.8,53.7,46.3,78.6,21.4,45.8,54.2,19.3,80.7,32.2,67.8,68.8,31.2
290,Arkansas,2020,36.4,30.9,31.1,1.6,18.8,30.0,30.7,14.6,5.9,79.4,20.6,76.0,10.8,5.8,6.6,0.8,14.3,85.7,58.7,23.6,17.8,,,,,,,,,,,70.3,29.7
291,Arkansas,2021,38.6,31.7,27.7,2.0,17.0,29.5,31.5,15.7,6.3,78.0,22.0,77.3,10.9,4.7,5.7,1.3,17.5,82.5,57.0,24.6,18.4,54.6,45.4,79.6,20.4,,,,,,,69.4,30.6
292,Vermont,2015,25.1,34.7,38.5,1.6,20.1,38.5,28.8,9.2,3.4,87.4,12.6,69.7,15.3,8.3,6.3,0.4,8.7,91.3,,,,66.2,33.8,82.4,17.6,58.9,41.1,22.7,77.3,30.5,69.5,77.8,22.2
293,Vermont,2016,27.1,34.7,36.7,1.6,21.5,36.9,28.2,9.6,3.9,86.5,13.5,69.9,15.4,8.4,6.0,0.4,9.3,90.7,,,,,,,,,,,,,,80.5,19.5
294,Vermont,2017,27.6,35.1,35.8,1.6,20.4,36.5,29.0,10.2,3.9,85.9,14.1,70.2,14.1,8.7,6.5,0.5,10.2,89.8,,,,70.4,29.6,87.2,12.8,59.7,40.3,22.6,77.4,31.4,68.6,78.4,21.6
295,Vermont,2018,27.5,33.6,37.4,1.5,18.7,38.1,29.4,10.1,3.7,86.2,13.8,76.2,12.9,5.5,5.2,,10.1,89.9,,,,,,,,,,,,,,81.1,18.9
296,Vermont,2019,26.6,32.9,38.2,2.3,17.3,38.4,30.6,10.3,3.4,86.3,13.7,75.0,13.0,6.8,4.9,0.3,9.5,90.5,57.8,28.2,14.0,68.2,31.8,87.5,12.5,61.3,38.7,28.5,71.5,39.7,60.3,80.0,20.0
297,Vermont,2020,26.2,35.7,36.5,1.6,23.5,38.6,26.5,8.9,2.4,88.7,11.3,71.9,15.2,7.1,5.4,0.4,8.9,91.1,57.1,28.7,14.2,,,,,,,,,,,81.8,18.2
298,Vermont,2021,29.0,32.1,36.5,2.4,19.8,37.9,30.0,8.8,3.6,87.7,12.3,71.7,15.6,7.1,5.6,,11.8,88.2,53.4,31.0,15.6,66.0,34.0,86.2,13.8,,,,,,,82.2,17.8
299,Virginia,2015,29.2,34.9,34.0,1.9,19.6,35.4,29.8,11.5,3.7,84.8,15.2,75.0,11.2,7.3,5.7,0.8,8.7,91.3,,,,59.9,40.1,78.2,21.8,51.0,49.0,22.1,77.9,32.3,67.7,74.8,25.2
300,Virginia,2016,29.0,36.5,32.9,1.7,19.2,34.1,30.4,12.4,3.9,83.7,16.3,74.7,12.1,6.3,5.9,1.0,9.3,90.7,,,,,,,,,,,,,,76.7,23.3
301,Virginia,2017,30.0,36.3,32.0,1.7,19.0,33.4,31.2,12.2,4.2,83.6,16.4,73.2,12.0,7.5,6.4,0.9,9.6,90.4,,,,63.4,36.6,84.2,15.8,50.8,49.2,21.8,78.2,32.5,67.5,74.0,26.0
302,Virginia,2018,30.4,35.9,31.9,1.8,19.0,34.1,29.6,13.0,4.4,82.7,17.3,79.5,9.2,5.5,5.0,0.7,10.7,89.3,,,,,,,,,,,,,,78.0,22.0
303,Virginia,2019,31.9,34.5,32.2,1.5,18.2,34.3,30.6,12.7,4.3,83.0,17.0,79.9,9.4,4.8,4.9,1.0,10.0,90.0,63.8,23.5,12.7,61.7,38.3,82.1,17.9,49.3,50.7,22.7,77.3,35.8,64.2,74.7,25.3
304,Virginia,2020,32.2,35.1,30.9,1.9,22.6,34.4,30.0,9.8,3.2,87.0,13.0,77.3,11.9,5.4,4.8,0.7,9.5,90.5,64.2,23.5,12.2,,,,,,,,,,,79.1,20.9
305,Virginia,2021,34.2,33.9,29.9,2.0,19.5,34.4,31.1,11.9,3.1,85.0,15.0,76.6,11.9,6.7,4.2,0.6,11.4,88.6,58.2,27.1,14.7,60.4,39.6,81.9,18.1,,,,,,,79.1,20.9
306,Washington,2015,26.4,36.1,35.9,1.5,19.0,35.1,31.0,11.2,3.7,85.1,14.9,63.6,16.0,10.2,8.5,1.7,9.8,90.2,,,,63.5,36.5,83.2,16.8,58.4,41.6,22.7,77.3,31.8,68.2,81.0,19.0
307,Washington,2016,28.6,34.8,34.5,2.0,18.7,34.7,32.2,11.0,3.3,85.6,14.4,64.2,16.6,10.0,7.9,1.3,9.8,90.2,,,,,,,,,,,,,,82.4,17.6
308,Washington,2017,27.7,34.5,35.9,1.9,17.7,33.6,32.6,11.8,4.2,84.0,16.0,65.3,14.8,10.3,8.3,1.4,10.5,89.5,,,,68.2,31.8,83.4,16.6,58.0,42.0,23.5,76.5,32.6,67.4,80.8,19.2
309,Washington,2018,28.7,34.7,34.7,1.9,18.8,33.4,32.0,12.0,3.7,84.3,15.7,71.5,14.0,7.6,6.2,0.8,10.2,89.8,,,,,,,,,,,,,,82.4,17.6
310,Washington,2019,28.3,35.6,34.3,1.8,17.5,34.2,32.0,12.4,3.9,83.8,16.2,71.6,14.3,7.4,5.8,1.0,9.8,90.2,58.7,27.6,13.6,63.9,36.1,81.1,18.9,58.4,41.6,25.9,74.1,36.5,63.5,80.8,19.2
311,Washington,2020,28.0,36.0,33.9,2.1,23.2,35.5,29.0,9.4,2.9,87.7,12.3,70.4,15.6,7.8,5.3,0.9,9.4,90.6,57.0,29.3,13.7,,,,,,,,,,,82.2,17.8
312,Washington,2021,28.8,35.4,34.1,1.7,20.5,35.2,30.0,11.1,3.2,85.7,14.3,66.7,17.9,9.9,4.7,0.8,11.8,88.2,53.6,31.0,15.4,63.9,36.1,81.0,19.0,,,,,,,82.2,17.8
313,West Virginia,2015,35.6,35.5,26.9,2.0,13.0,30.0,31.2,16.6,9.3,74.1,25.9,79.8,7.7,4.6,7.2,0.8,14.6,85.4,,,,50.1,49.9,73.5,26.5,48.0,52.0,13.8,86.2,20.9,79.1,69.2,30.8
314,West Virginia,2016,37.7,33.3,27.2,1.8,12.8,29.0,32.0,17.6,8.7,73.7,26.3,78.6,8.0,5.2,7.6,0.6,16.4,83.6,,,,,,,,,,,,,,71.5,28.5
315,West Virginia,2017,38.1,33.6,27.0,1.3,11.8,28.1,34.2,17.2,8.7,74.1,25.9,76.2,9.4,6.4,6.9,1.2,18.9,81.1,,,,55.1,44.9,81.7,18.3,48.1,51.9,15.1,84.9,22.6,77.4,68.4,31.6
316,West Virginia,2018,39.5,32.5,26.3,1.7,12.4,28.8,32.6,16.8,9.4,73.7,26.3,81.2,7.7,4.6,6.0,,17.9,82.1,,,,,,,,,,,,,,71.8,28.2
317,West Virginia,2019,39.7,32.3,25.9,2.1,10.4,28.0,35.0,18.0,8.6,73.4,26.6,80.5,8.4,4.8,5.8,0.5,19.2,80.8,56.8,22.7,20.6,53.7,46.3,80.2,19.8,47.2,52.8,17.1,82.9,26.1,73.9,68.8,31.2
318,West Virginia,2020,39.1,32.0,26.8,2.1,14.1,30.6,33.1,16.1,6.2,77.8,22.2,81.9,8.3,4.6,4.8,,15.1,84.9,61.2,21.3,17.5,,,,,,,,,,,70.3,29.7
319,West Virginia,2021,40.6,33.0,24.9,1.5,12.3,30.2,34.5,16.0,7.0,77.1,22.9,79.1,10.0,4.7,5.6,0.6,18.2,81.8,58.2,22.5,19.4,54.0,46.0,81.1,18.9,,,,,,,69.5,30.5
320,Wisconsin,2015,30.7,35.3,32.7,1.3,18.0,35.9,31.5,11.4,3.2,85.4,14.6,68.8,14.8,9.0,6.6,0.8,8.8,91.2,,,,62.1,37.9,76.0,24.0,56.8,43.2,20.1,79.9,28.6,71.4,78.4,21.6
321,Wisconsin,2016,30.7,35.5,32.0,1.7,15.9,35.4,32.7,12.4,3.6,84.0,16.0,70.8,13.3,7.7,7.3,0.9,9.6,90.4,,,,,,,,,,,,,,80.0,20.0
322,Wisconsin,2017,32.0,35.3,31.5,1.2,17.5,33.9,31.7,12.6,4.2,83.1,16.9,71.4,13.0,8.3,6.8,0.6,9.6,90.4,,,,67.6,32.4,81.0,19.0,57.1,42.9,21.2,78.8,30.6,69.4,77.6,22.4
323,Wisconsin,2018,32.0,36.1,30.1,1.8,15.5,35.8,33.1,11.6,4.0,84.3,15.7,76.4,11.6,6.6,4.8,0.7,9.7,90.3,,,,,,,,,,,,,,78.2,21.8
324,Wisconsin,2019,34.2,35.5,28.6,1.8,15.3,35.1,34.0,11.6,4.1,84.3,15.7,76.4,11.3,6.3,5.4,0.6,9.6,90.4,59.2,28.0,12.7,61.1,38.9,77.2,22.8,54.6,45.4,24.7,75.3,36.2,63.8,76.8,23.2
325,Wisconsin,2020,32.3,36.1,30.2,1.5,19.3,37.9,30.0,10.2,2.5,87.2,12.8,74.2,13.4,6.2,5.5,0.7,9.5,90.5,59.8,27.7,12.5,,,,,,,,,,,79.5,20.5
326,Wisconsin,2021,33.9,34.6,29.6,1.9,16.9,36.7,32.8,9.9,3.7,86.4,13.6,73.6,13.8,6.2,5.8,,10.3,89.7,57.5,28.9,13.6,61.2,38.8,79.9,20.1,,,,,,,79.7,20.3
327,Wyoming,2015,29.0,36.4,32.9,1.7,19.6,37.0,28.5,10.8,4.0,85.1,14.9,61.0,14.0,10.5,13.0,1.5,9.2,90.8,,,,58.2,41.8,78.5,21.5,54.4,45.6,23.4,76.6,32.1,67.9,73.8,26.2
328,Wyoming,2016,27.7,36.5,34.0,1.7,19.0,34.1,31.2,11.3,4.3,84.4,15.6,63.8,13.3,8.9,12.3,1.7,9.7,90.3,,,,,,,,,,,,,,76.9,23.1
329,Wyoming,2017,28.8,35.9,33.4,2.0,19.1,33.9,31.6,11.0,4.4,84.6,15.4,62.9,13.5,8.8,13.0,1.8,10.5,89.5,,,,62.4,37.6,84.7,15.3,53.9,46.1,23.0,77.0,32.9,67.1,74.3,25.7
330,Wyoming,2018,29.0,35.3,34.0,1.6,18.8,34.4,30.8,11.6,4.3,84.0,16.0,68.6,11.9,7.0,11.4,1.1,10.4,89.6,,,,,,,,,,,,,,78.3,21.7
331,Wyoming,2019,29.7,35.5,33.2,1.6,18.7,33.5,31.2,12.2,4.5,83.3,16.7,68.5,11.6,8.7,9.8,1.4,10.1,89.9,66.1,21.3,12.6,57.8,42.2,81.4,18.6,54.0,46.0,24.5,75.5,38.0,62.0,75.4,24.6
332,Wyoming,2020,30.7,36.6,31.4,1.3,21.9,36.6,29.3,9.3,2.9,87.8,12.2,68.7,13.8,7.1,9.0,1.4,8.9,91.1,64.8,23.1,12.1,,,,,,,,,,,77.6,22.4
333,Wyoming,2021,32.0,37.0,29.5,1.5,21.7,34.2,30.2,9.9,4.0,86.1,13.9,68.2,14.8,6.8,9.5,0.7,11.6,88.4,61.3,23.6,15.1,56.7,43.3,80.8,19.2,,,,,,,77.1,22.9
334,California,2015,24.2,36.2,38.0,1.7,20.4,30.6,31.0,14.0,4.0,82.0,18.0,66.2,16.3,9.1,7.0,1.5,9.9,90.1,,,,64.2,35.8,81.4,18.6,57.3,42.7,22.9,77.1,33.0,67.0,80.0,20.0
335,California,2016,25.0,36.0,36.4,2.6,20.8,30.2,31.2,13.6,4.2,82.2,17.8,67.0,16.1,8.9,6.6,1.4,9.6,90.4,,,,,,,,,,,,,,79.5,20.5
336,California,2017,25.1,35.8,36.6,2.4,19.6,31.3,31.6,13.6,4.0,82.4,17.6,67.6,15.3,9.0,6.3,1.7,10.1,89.9,,,,67.5,32.5,78.6,21.4,57.5,42.5,23.9,76.1,34.3,65.7,80.0,20.0
337,California,2018,25.8,36.4,36.0,1.8,18.5,30.4,33.0,14.0,4.1,81.9,18.1,71.6,14.2,8.0,5.3,0.9,10.1,89.9,,,,,,,,,,,,,,79.0,21.0
338,California,2019,26.2,36.7,35.1,2.1,18.4,29.8,33.5,14.3,4.0,81.8,18.2,71.8,14.5,7.4,5.2,1.1,10.7,89.3,62.9,25.2,11.9,63.8,36.2,76.1,23.9,54.1,45.9,22.6,77.4,33.7,66.3,77.6,22.4
339,California,2020,30.2,33.8,33.5,2.5,24.1,29.2,31.8,11.6,3.2,85.1,14.9,65.6,21.1,8.2,4.4,0.7,10.0,90.0,60.0,27.3,12.7,,,,,,,,,,,78.8,21.2
340,California,2021,27.6,36.4,33.8,2.2,20.4,29.7,33.7,12.7,3.4,83.8,16.2,64.2,19.9,10.0,5.1,0.9,11.8,88.2,58.3,27.3,14.4,63.8,36.2,77.5,22.5,,,,,,,79.9,20.1
341,Guam,2015,31.6,35.5,31.2,1.8,16.5,24.2,39.5,15.7,4.1,80.2,19.8,63.2,13.7,10.3,11.3,1.5,7.5,92.5,,,,56.4,43.6,73.2,26.8,48.8,51.2,21.4,78.6,32.0,68.0,68.9,31.1
342,Guam,2016,28.3,36.2,33.4,2.0,15.1,23.3,39.8,17.2,4.6,78.2,21.8,66.2,15.2,8.1,9.1,,8.2,91.8,,,,,,,,,,,,,,70.4,29.6
343,Guam,2017,34.3,32.7,30.4,2.5,14.5,21.8,41.7,16.4,5.5,78.1,21.9,65.2,13.6,10.0,9.8,1.3,10.2,89.8,,,,55.9,44.1,73.3,26.7,44.6,55.4,21.8,78.2,32.5,67.5,66.6,33.4
344,Guam,2018,29.8,32.4,35.7,2.1,16.0,22.6,39.4,14.7,7.3,78.0,22.0,71.2,10.9,8.1,8.7,,10.0,90.0,,,,,,,,,,,,,,70.0,30.0
345,Guam,2019,33.6,34.1,29.8,2.5,15.6,24.0,39.9,16.1,4.4,79.5,20.5,72.0,11.6,7.5,7.8,,11.5,88.5,62.9,23.7,13.4,51.0,49.0,73.0,27.0,45.4,54.6,20.9,79.1,36.0,64.0,70.8,29.2
346,Guam,2020,34.4,32.6,31.0,,25.5,25.4,32.6,13.9,2.6,83.5,16.5,72.0,14.6,7.0,6.0,,8.6,91.4,67.4,21.0,11.6,,,,,,,,,,,74.2,25.8
347,Guam,2021,33.5,31.4,32.6,2.5,22.1,26.4,34.9,12.6,4.0,83.4,16.6,67.2,15.4,9.6,6.6,,12.2,87.8,69.2,18.9,11.9,57.3,42.7,70.6,29.4,,,,,,,70.1,29.9
348,Puerto Rico,2015,29.5,37.5,30.7,2.3,15.9,12.5,35.1,31.8,4.7,63.6,36.4,78.1,11.5,6.1,3.7,0.5,10.7,89.3,,,,44.4,55.6,75.5,24.5,34.1,65.9,8.1,91.9,10.9,89.1,51.9,48.1
349,Puerto Rico,2016,30.7,35.8,31.1,2.4,17.3,12.5,35.9,29.7,4.6,65.7,34.3,81.7,9.2,4.4,4.0,0.6,15.3,84.7,,,,,,,,,,,,,,58.3,41.7
350,Puerto Rico,2017,32.9,35.4,30.2,1.5,17.6,11.4,33.9,32.0,5.1,62.9,37.1,78.3,11.5,6.3,3.2,0.7,15.8,84.2,,,,44.0,56.0,54.0,46.0,19.6,80.4,5.4,94.6,9.8,90.2,46.0,54.0
351,Puerto Rico,2018,32.9,36.8,27.9,2.4,18.5,13.6,32.9,30.8,4.2,65.0,35.0,81.4,10.4,4.3,3.6,0.4,18.9,81.1,,,,,,,,,,,,,,52.7,47.3
352,Puerto Rico,2019,32.5,37.3,28.8,1.4,20.6,15.1,30.0,30.0,4.4,65.6,34.4,81.4,9.4,5.5,3.2,0.4,19.2,80.8,77.6,10.6,11.8,46.7,53.3,55.6,44.4,30.2,69.8,7.3,92.7,11.6,88.4,49.4,50.6
353,Puerto Rico,2020,31.4,36.1,30.5,2.0,27.3,15.5,30.3,23.4,3.4,73.2,26.8,75.2,15.8,5.3,2.9,0.8,17.5,82.5,80.6,8.4,11.0,,,,,,,,,,,54.2,45.8
354,Puerto Rico,2021,36.0,36.4,26.0,1.6,24.7,17.3,31.2,23.1,3.8,73.2,26.8,75.9,14.9,5.6,3.2,,16.8,83.2,79.9,8.6,11.5,48.9,51.1,53.4,46.6,,,,,,,53.9,46.1
355,Virgin Islands,2016,32.5,32.7,33.7,,14.4,26.6,38.8,17.0,3.3,79.7,20.3,68.8,13.1,8.6,9.3,,9.4,90.6,,,,,,,,,,,,,,74.0,26.0
356,Virgin Islands,2021,35.6,31.1,30.5,,16.7,26.5,35.4,16.1,5.3,78.6,21.4,74.1,13.0,7.6,,,14.4,85.6,66.9,20.0,13.0,60.3,39.7,67.8,32.2,,,,,,,78.1,21.9
357,Colorado,2015,20.2,36.4,41.2,2.2,20.7,37.0,28.4,10.8,3.1,86.1,13.9,63.2,15.7,10.2,9.3,1.5,8.6,91.4,,,,64.2,35.8,82.2,17.8,60.6,39.4,26.2,73.8,35.4,64.6,82.1,17.9
358,Colorado,2016,22.3,35.8,39.7,2.2,20.4,36.5,28.6,11.2,3.2,85.5,14.5,62.4,16.4,11.0,8.9,1.3,7.8,92.2,,,,,,,,,,,,,,84.2,15.8
359,Colorado,2017,22.6,36.1,39.0,2.2,19.9,36.5,29.1,11.0,3.5,85.5,14.5,62.1,16.3,11.2,9.3,1.1,9.2,90.8,,,,67.0,33.0,82.6,17.4,58.7,41.3,26.0,74.0,35.5,64.5,80.6,19.4
360,Colorado,2018,23.0,35.9,39.4,1.7,19.8,35.5,30.6,11.1,2.9,86.0,14.0,68.9,14.1,8.9,6.7,1.4,7.8,92.2,,,,,,,,,,,,,,83.6,16.4
361,Colorado,2019,23.8,35.3,38.9,2.0,19.6,36.1,30.2,11.2,2.9,86.0,14.0,68.8,14.0,9.7,6.8,0.8,9.2,90.8,59.7,28.0,12.3,63.0,37.0,80.5,19.5,58.4,41.6,27.4,72.6,39.3,60.7,81.3,18.7
362,Colorado,2020,24.2,35.0,38.3,2.5,26.0,37.3,26.3,8.4,2.1,89.6,10.4,67.8,16.0,8.6,6.9,0.7,8.2,91.8,57.8,29.3,12.8,,,,,,,,,,,83.4,16.6
363,Colorado,2021,25.1,35.5,37.1,2.3,21.1,36.0,29.8,10.1,2.9,86.9,13.1,67.4,16.4,9.2,6.0,0.9,10.8,89.2,55.6,30.2,14.2,61.9,38.1,81.4,18.6,,,,,,,83.3,16.7
364,Connecticut,2015,25.3,36.4,36.2,2.1,22.6,34.9,27.6,11.2,3.8,85.1,14.9,72.9,14.5,7.2,4.9,0.5,8.7,91.3,,,,64.5,35.5,80.6,19.4,54.5,45.5,21.3,78.7,31.2,68.8,76.5,23.5
365,Connecticut,2016,26.0,35.9,36.7,1.5,21.6,35.4,28.6,10.8,3.5,85.6,14.4,75.8,13.0,6.5,4.3,0.4,8.8,91.2,,,,,,,,,,,,,,78.7,21.3
366,Connecticut,2017,26.9,36.4,35.0,1.7,20.5,36.0,29.0,10.8,3.7,85.5,14.5,75.1,13.5,6.6,4.3,0.5,8.3,91.7,,,,68.8,31.2,83.2,16.8,51.9,48.1,22.8,77.2,33.6,66.4,76.0,24.0
367,Connecticut,2018,27.4,37.0,34.0,1.5,21.4,36.7,28.1,10.6,3.2,86.2,13.8,81.1,11.0,4.9,2.8,,9.1,90.9,,,,,,,,,,,,,,77.6,22.4
368,Connecticut,2019,29.1,36.6,32.7,1.6,19.5,36.5,29.1,11.4,3.5,85.1,14.9,80.5,11.3,5.0,3.0,,9.5,90.5,63.2,25.4,11.3,66.1,33.9,80.4,19.6,53.4,46.6,26.1,73.9,39.4,60.6,76.5,23.5
369,Connecticut,2020,29.2,35.2,33.5,2.1,25.9,35.8,26.9,9.2,2.1,88.6,11.4,78.4,13.0,5.2,3.0,0.3,9.4,90.6,62.1,25.3,12.6,,,,,,,,,,,79.4,20.6
370,Connecticut,2021,30.4,35.3,31.6,2.7,22.1,35.8,29.6,9.7,2.7,87.6,12.4,77.1,13.2,5.8,3.1,0.6,10.2,89.8,60.5,26.8,12.8,64.6,35.4,80.0,20.0,,,,,,,77.1,22.9
371,All States and DC (median) **,2015,29.8,35.5,32.7,1.8,18.7,33.4,31.2,12.1,4.0,83.6,16.4,70.2,13.3,8.2,8.3,1.0,10.1,89.9,,,,60.3,39.7,77.9,22.1,51.3,48.7,20.3,79.7,30.2,69.8,73.8,26.2
372,All States and DC (median) **,2016,29.9,35.3,32.9,1.8,18.7,33.8,31.3,12.4,4.3,83.6,16.4,70.9,12.7,7.7,7.3,1.0,9.8,90.2,,,,,,,,,,,,,,76.9,23.2
373,All States and DC (median) **,2017,31.3,35.3,32.0,1.8,17.8,33.2,31.9,12.9,4.5,82.4,17.6,70.4,12.8,7.9,7.5,1.1,10.7,89.4,,,,63.4,36.6,82.0,18.1,50.6,49.4,20.3,79.7,30.2,69.8,74.4,25.6
374,All States and DC (median) **,2018,30.9,34.9,31.6,1.8,18.0,32.6,31.9,13.0,4.4,82.7,17.3,77.0,11.0,6.0,5.6,0.7,11.0,89.0,,,,,,,,,,,,,,76.2,23.8
375,All States and DC (median) **,2019,32.1,34.6,30.7,1.8,17.4,33.2,32.4,13.4,4.5,82.0,18.0,77.6,10.7,6.2,5.5,0.7,11.6,88.4,61.4,25.0,13.8,60.7,39.3,79.7,20.3,50.1,50.0,23.2,76.8,35.7,64.4,73.7,26.3
376,All States and DC (median) **,2020,31.9,35.2,31.1,1.8,22.0,34.8,29.6,10.2,3.1,86.7,13.3,76.0,12.6,6.1,5.5,0.6,10.8,89.2,61.7,23.8,13.2,,,,,,,,,,,77.6,22.4
377,All States and DC (median) **,2021,33.9,34.4,29.9,1.9,19.2,34.1,31.3,11.4,3.6,85.2,14.8,75.6,12.8,6.2,5.4,0.7,12.1,87.9,59.1,26.0,14.6,59.2,40.8,80.3,19.7,,,,,,,76.3,23.7
378,"All States, DC and Territories (median) **",2015,29.8,35.5,32.7,1.8,18.7,33.3,31.2,12.1,4.1,83.6,16.5,70.2,13.3,8.2,8.3,1.0,10.1,89.9,,,,59.9,40.1,77.7,22.3,51.0,49.0,20.3,79.7,30.2,69.8,73.8,26.2
379,"All States, DC and Territories (median) **",2016,30.1,35.3,33.0,1.8,18.4,33.5,31.5,12.5,4.4,83.3,16.7,70.8,12.8,7.7,7.5,1.0,9.8,90.2,,,,,,,,,,,,,,76.7,23.3
380,"All States, DC and Territories (median) **",2017,31.6,35.3,32.0,1.8,17.7,33.1,32.0,13.3,4.5,82.3,17.7,70.4,12.8,7.9,7.5,1.1,10.7,89.4,,,,63.2,36.8,81.9,18.1,50.2,49.8,20.3,79.7,30.2,69.8,74.3,25.7
381,"All States, DC and Territories (median) **",2018,30.9,34.9,31.6,1.8,18.0,32.5,32.0,13.1,4.4,82.7,17.3,77.0,11.0,6.0,5.6,0.7,11.0,89.0,,,,,,,,,,,,,,76.2,23.8
382,"All States, DC and Territories (median) **",2019,32.4,34.6,30.5,1.8,17.4,33.0,32.4,13.6,4.5,81.8,18.2,77.6,10.7,6.2,5.5,0.7,11.7,88.3,61.4,24.9,13.8,60.2,39.8,79.6,20.4,49.9,50.1,22.8,77.2,35.7,64.4,73.6,26.4
383,"All States, DC and Territories (median) **",2020,31.9,35.2,31.0,1.8,22.2,34.8,29.7,10.2,3.1,86.5,13.5,75.7,12.6,6.1,5.5,0.6,10.8,89.2,61.7,23.7,13.1,,,,,,,,,,,77.3,22.7
384,"All States, DC and Territories (median) **",2021,33.9,34.3,29.9,1.8,19.2,34.0,31.3,11.6,3.7,85.1,14.9,75.5,12.8,6.2,5.4,0.6,12.2,87.8,59.1,25.9,14.6,59.0,41.0,80.2,19.8,,,,,,,76.3,23.7
